-- phpMyAdmin SQL Dump
-- version 5.0.2
-- https://www.phpmyadmin.net/
--
-- Host: 127.0.0.1:3306
-- Generation Time: May 14, 2021 at 05:19 PM
-- Server version: 5.7.31
-- PHP Version: 7.3.21

SET SQL_MODE = "NO_AUTO_VALUE_ON_ZERO";
START TRANSACTION;
SET time_zone = "+00:00";


/*!40101 SET @OLD_CHARACTER_SET_CLIENT=@@CHARACTER_SET_CLIENT */;
/*!40101 SET @OLD_CHARACTER_SET_RESULTS=@@CHARACTER_SET_RESULTS */;
/*!40101 SET @OLD_COLLATION_CONNECTION=@@COLLATION_CONNECTION */;
/*!40101 SET NAMES utf8mb4 */;

--
-- Database: `di-alogue`
--

-- --------------------------------------------------------

--
-- Table structure for table `tbl_ans`
--

DROP TABLE IF EXISTS `tbl_ans`;
CREATE TABLE IF NOT EXISTS `tbl_ans` (
  `id` bigint(255) NOT NULL AUTO_INCREMENT,
  `user_empid` varchar(255) DEFAULT NULL,
  `qn1` varchar(255) DEFAULT NULL,
  `text1` varchar(255) DEFAULT NULL,
  `qn2` varchar(255) DEFAULT NULL,
  `text2` varchar(255) DEFAULT NULL,
  `qn3` varchar(255) DEFAULT NULL,
  `text3` varchar(255) DEFAULT NULL,
  PRIMARY KEY (`id`)
) ENGINE=InnoDB AUTO_INCREMENT=6 DEFAULT CHARSET=latin1;

--
-- Dumping data for table `tbl_ans`
--

INSERT INTO `tbl_ans` (`id`, `user_empid`, `qn1`, `text1`, `qn2`, `text2`, `qn3`, `text3`) VALUES
(1, 'umesh.sathe@siemens.com', '1', 'jiiiii', '2', 'dddd', '3', 'ddd'),
(2, 'umesh.sathe@siemens.com', '1', 'hh', '2', 'ff', '3', 'ff'),
(3, 'umesh.sathe@siemens.com', '1', '', '2', '', '3', ''),
(4, 'umesh.sathe@siemens.com', '1', '', '2', '', '3', ''),
(5, 'LEENA.JAIN@SIEMENS.COM', '1', 'fyn', '2', '', '3', '');

-- --------------------------------------------------------

--
-- Table structure for table `tbl_answer`
--

DROP TABLE IF EXISTS `tbl_answer`;
CREATE TABLE IF NOT EXISTS `tbl_answer` (
  `id` int(11) NOT NULL AUTO_INCREMENT,
  `question_id` int(11) NOT NULL,
  `answer` varchar(255) NOT NULL,
  PRIMARY KEY (`id`)
) ENGINE=InnoDB AUTO_INCREMENT=15 DEFAULT CHARSET=latin1;

--
-- Dumping data for table `tbl_answer`
--

INSERT INTO `tbl_answer` (`id`, `question_id`, `answer`) VALUES
(1, 1, 'Facebook'),
(2, 1, 'Twitter'),
(3, 1, 'LinkedIn'),
(4, 1, 'Instagram'),
(5, 2, 'Skiing'),
(6, 2, 'Biking'),
(7, 2, 'Snowboarding'),
(8, 2, 'Surfing'),
(11, 3, 'Bose'),
(12, 3, 'JBL'),
(13, 3, 'Sony'),
(14, 3, 'Samsung');

-- --------------------------------------------------------

--
-- Table structure for table `tbl_poll`
--

DROP TABLE IF EXISTS `tbl_poll`;
CREATE TABLE IF NOT EXISTS `tbl_poll` (
  `id` int(11) NOT NULL AUTO_INCREMENT,
  `question_id` int(11) NOT NULL,
  `answer_id` int(11) NOT NULL,
  `member_id` int(11) NOT NULL,
  PRIMARY KEY (`id`)
) ENGINE=InnoDB AUTO_INCREMENT=7 DEFAULT CHARSET=latin1;

--
-- Dumping data for table `tbl_poll`
--

INSERT INTO `tbl_poll` (`id`, `question_id`, `answer_id`, `member_id`) VALUES
(1, 1, 1, 2),
(2, 2, 5, 2),
(3, 3, 11, 2),
(4, 1, 1, 9),
(5, 2, 5, 9),
(6, 3, 11, 9);

-- --------------------------------------------------------

--
-- Table structure for table `tbl_pollanswers`
--

DROP TABLE IF EXISTS `tbl_pollanswers`;
CREATE TABLE IF NOT EXISTS `tbl_pollanswers` (
  `id` int(11) NOT NULL AUTO_INCREMENT,
  `poll_id` int(11) NOT NULL,
  `users_id` int(11) NOT NULL,
  `poll_answer` varchar(10) NOT NULL,
  `eventname` varchar(50) NOT NULL,
  `poll_at` datetime NOT NULL,
  `points` int(11) NOT NULL DEFAULT '0',
  `pollanswers` varchar(255) DEFAULT NULL,
  PRIMARY KEY (`id`)
) ENGINE=MyISAM AUTO_INCREMENT=26 DEFAULT CHARSET=latin1;

--
-- Dumping data for table `tbl_pollanswers`
--

INSERT INTO `tbl_pollanswers` (`id`, `poll_id`, `users_id`, `poll_answer`, `eventname`, `poll_at`, `points`, `pollanswers`) VALUES
(25, 13, 4, 'opt4', 'sbi090920', '2021-05-14 12:39:42', 0, NULL),
(24, 13, 2, 'opt1', 'sbi090920', '2021-05-14 11:34:06', 1, ' '),
(23, 13, 1365, 'opt2', 'sbi090920', '2021-05-14 10:21:02', 0, NULL);

-- --------------------------------------------------------

--
-- Table structure for table `tbl_polls`
--

DROP TABLE IF EXISTS `tbl_polls`;
CREATE TABLE IF NOT EXISTS `tbl_polls` (
  `id` int(11) NOT NULL AUTO_INCREMENT,
  `poll_question` varchar(500) NOT NULL,
  `poll_opt1` varchar(500) NOT NULL,
  `poll_opt2` varchar(500) NOT NULL,
  `poll_opt3` varchar(500) NOT NULL,
  `poll_opt4` varchar(500) NOT NULL,
  `correct_ans` varchar(10) NOT NULL,
  `active` int(11) NOT NULL DEFAULT '0',
  `poll_over` int(11) NOT NULL DEFAULT '0',
  `show_results` int(11) NOT NULL DEFAULT '0',
  `eventname` varchar(100) NOT NULL,
  PRIMARY KEY (`id`)
) ENGINE=MyISAM AUTO_INCREMENT=14 DEFAULT CHARSET=latin1;

--
-- Dumping data for table `tbl_polls`
--

INSERT INTO `tbl_polls` (`id`, `poll_question`, `poll_opt1`, `poll_opt2`, `poll_opt3`, `poll_opt4`, `correct_ans`, `active`, `poll_over`, `show_results`, `eventname`) VALUES
(1, 'Test', '1', '2', '3', '4', 'opt1', 0, 0, 0, 'allergan-beyondiop-03oct'),
(13, 'Which out of the 4 pillars should DI put more focus on?', 'Customer Impact', 'Technology', 'Empowered People', 'Growth Mindset', 'opt1', 1, 0, 0, 'sbi090920');

-- --------------------------------------------------------

--
-- Table structure for table `tbl_question`
--

DROP TABLE IF EXISTS `tbl_question`;
CREATE TABLE IF NOT EXISTS `tbl_question` (
  `id` int(11) NOT NULL AUTO_INCREMENT,
  `question` varchar(255) NOT NULL,
  PRIMARY KEY (`id`)
) ENGINE=InnoDB AUTO_INCREMENT=4 DEFAULT CHARSET=latin1;

--
-- Dumping data for table `tbl_question`
--

INSERT INTO `tbl_question` (`id`, `question`) VALUES
(1, 'What is your favourite social network? '),
(2, 'Choose your favourite holiday ride:'),
(3, 'What is the best brand for headphones?');

-- --------------------------------------------------------

--
-- Table structure for table `tbl_questions`
--

DROP TABLE IF EXISTS `tbl_questions`;
CREATE TABLE IF NOT EXISTS `tbl_questions` (
  `id` int(11) NOT NULL AUTO_INCREMENT,
  `user_name` varchar(255) NOT NULL,
  `user_empid` varchar(255) NOT NULL,
  `user_question` varchar(500) NOT NULL,
  `asked_at` datetime NOT NULL,
  `speaker` int(11) NOT NULL DEFAULT '0',
  `answered` int(11) NOT NULL DEFAULT '0',
  `eventname` varchar(150) DEFAULT NULL,
  PRIMARY KEY (`id`)
) ENGINE=InnoDB AUTO_INCREMENT=13 DEFAULT CHARSET=latin1;

--
-- Dumping data for table `tbl_questions`
--

INSERT INTO `tbl_questions` (`id`, `user_name`, `user_empid`, `user_question`, `asked_at`, `speaker`, `answered`, `eventname`) VALUES
(2, 'EN', 'manoj.dharmadhikari@siemens.com', 'hello', '2021-04-21 18:36:43', 0, 0, NULL),
(3, 'EN', 'prasanna.deshpande@siemens.com', 'hiiii', '2021-04-21 19:00:36', 0, 0, NULL),
(4, 'EN', 'harshavardhan.aghaw@siemens.com', 'hiiii how r u', '2021-04-21 19:02:28', 0, 0, NULL),
(5, 'EN', 'amit.tikoo@siemens.com', 'Hello', '2021-04-21 19:17:56', 0, 0, NULL),
(6, 'EN', 'amit.tikoo@siemens.com', 'hello please hlep?', '2021-04-21 19:18:08', 0, 0, NULL),
(7, 'EN', 'Sanjay.Iyanahalli@Siemens.Com', 'Hi', '2021-04-22 12:48:38', 0, 0, NULL),
(8, 'EN', 'yuvraj.nagarkar@siemens.com', 'Hello, this is a test', '2021-04-22 14:52:23', 0, 0, NULL),
(9, 'EN', 'yuvraj.nagarkar@siemens.com', 'Hello, this is a dummy question', '2021-04-22 16:13:20', 0, 0, NULL),
(10, 'EN', 'yuvraj.nagarkar@siemens.com', 'When do we get to see the next session of DI-alogue?', '2021-04-26 14:24:27', 0, 0, NULL),
(11, 'EN', 'RUSSELL.MASCARENHAS@SIEMENS.COM', 'hello', '2021-05-07 10:52:56', 0, 0, NULL),
(12, 'EN', 'RUSSELL.MASCARENHAS@SIEMENS.COM', 'hlo', '2021-05-07 13:10:07', 0, 0, NULL);

-- --------------------------------------------------------

--
-- Table structure for table `tbl_results`
--

DROP TABLE IF EXISTS `tbl_results`;
CREATE TABLE IF NOT EXISTS `tbl_results` (
  `id` bigint(255) NOT NULL AUTO_INCREMENT,
  `user_empid` varchar(255) DEFAULT NULL,
  `question` varchar(255) DEFAULT NULL,
  `answer` varchar(255) DEFAULT NULL,
  PRIMARY KEY (`id`)
) ENGINE=InnoDB AUTO_INCREMENT=12 DEFAULT CHARSET=latin1;

--
-- Dumping data for table `tbl_results`
--

INSERT INTO `tbl_results` (`id`, `user_empid`, `question`, `answer`) VALUES
(1, 'BRAJESH.RATHOR@SIEMENS.COM', 'What are the topics that you think DI should focus on from a Customer Point of View?', 'ssss'),
(2, 'BRAJESH.RATHOR@SIEMENS.COM', 'What are the topics that you think DI should focus on from a Customer Point of View?', 'ss'),
(3, 'UMESH.SATHE@SIEMENS.COM', 'What are the topics that you think DI should focus on from a Customer Point of View?', 'sss'),
(4, 'UMESH.SATHE@SIEMENS.COM', 'What are the topics that you think DI should focus on from a Customer Point of View?', 'sss'),
(5, 'UMESH.SATHE@SIEMENS.COM', 'What are the topics that you think DI should focus on from a Customer Point of View?', 'ss'),
(6, 'RAGHU.RAMASWAMY@SIEMENS.COM', 'What are the topics that you think DI should focus on from a Customer Point of View?', 'ss'),
(7, 'PRASANNA.DESHPANDE@SIEMENS.COM', 'What are the topics that you think DI should focus on from a Customer Point of View?', 'zz'),
(8, 'VIJAYSHANKAR.JADHAV@SIEMENS.COM', 'What are the topics that you think DI should focus on from a Customer Point of View?', 'hioii'),
(9, 'DIPESH.HALDER@SIEMENS.COM', 'What are the topics that you think DI should focus on from a Customer Point of View?', 'sssssss'),
(10, 'DIPESH.HALDER@SIEMENS.COM', 'What are the topics that you think DI should focus on from a Customer Point of View?', 'akshath good boy'),
(11, 'umesh.sathe@siemens.com', 'What are the topics that you think DI should focus on from a Customer Point of View?', 'ss');

-- --------------------------------------------------------

--
-- Table structure for table `tbl_users`
--

DROP TABLE IF EXISTS `tbl_users`;
CREATE TABLE IF NOT EXISTS `tbl_users` (
  `id` int(11) NOT NULL AUTO_INCREMENT,
  `emp_name` varchar(200) DEFAULT NULL,
  `emp_code` varchar(50) DEFAULT NULL,
  `login_date` datetime DEFAULT NULL,
  `logout_date` datetime DEFAULT NULL,
  `logout_status` int(11) DEFAULT '0',
  PRIMARY KEY (`id`)
) ENGINE=InnoDB AUTO_INCREMENT=2741 DEFAULT CHARSET=utf8;

--
-- Dumping data for table `tbl_users`
--

INSERT INTO `tbl_users` (`id`, `emp_name`, `emp_code`, `login_date`, `logout_date`, `logout_status`) VALUES
(1, 'Language', 'E-mail', NULL, NULL, 0),
(2, 'EN', 'UMESH.SATHE@SIEMENS.COM', '2021-05-14 20:33:46', '2021-05-14 22:20:05', 1),
(3, 'EN', 'SATISH.HERLEKAR@SIEMENS.COM', '2021-05-05 16:51:15', '2021-05-05 21:00:13', 1),
(4, 'EN', 'PETER.PAIS@SIEMENS.COM', '2021-05-14 12:39:20', '2021-05-14 13:42:04', 1),
(5, 'EN', 'RUSSELL.MASCARENHAS@SIEMENS.COM', '2021-05-07 13:07:37', '2021-05-07 13:09:59', 1),
(6, 'EN', 'RAGHU.RAMASWAMY@SIEMENS.COM', '2021-05-14 19:30:28', '2021-05-14 19:31:46', 1),
(7, 'EN', 'HARSHAVARDHAN.AGHAW@SIEMENS.COM', '2021-04-22 17:50:57', '2021-04-22 17:53:28', 1),
(8, 'EN', 'PRASANNA.DESHPANDE@SIEMENS.COM', '2021-05-14 19:37:51', '2021-05-14 19:39:51', 1),
(9, 'EN', 'MANOJ.DHARMADHIKARI@SIEMENS.COM', '2021-04-21 18:36:24', '2021-04-21 18:46:47', 1),
(10, 'EN', 'NITIN.NAIR@SIEMENS.COM', '2021-04-27 17:04:45', '2021-04-27 17:10:41', 1),
(11, 'EN', 'MANOJ.BELGAONKAR@SIEMENS.COM', '2021-04-23 16:19:48', '2021-04-23 23:12:21', 1),
(12, 'EN', 'VIJAYSHANKAR.JADHAV@SIEMENS.COM', '2021-05-14 19:40:15', '2021-05-14 19:41:15', 1),
(13, 'EN', 'MELISA.MENDES@SIEMENS.COM', NULL, NULL, 0),
(14, 'EN', 'MAHESH.PARKHI@SIEMENS.COM', NULL, NULL, 0),
(15, 'EN', 'DIPESH.HALDER@SIEMENS.COM', '2021-05-14 19:41:01', '2021-05-14 19:44:55', 1),
(16, 'EN', 'GAUTAM.KARNIK@SIEMENS.COM', '2021-04-23 15:09:23', '2021-04-23 16:52:17', 1),
(17, 'EN', 'AJAY.GAIKWAD@SIEMENS.COM', '2021-05-14 14:18:47', '2021-05-14 14:26:18', 1),
(18, 'EN', 'SHRIKRISHNA.PALANDE@SIEMENS.COM', '2021-05-11 12:06:23', '2021-05-11 15:32:28', 1),
(19, 'EN', 'RAJESH.LIKHITKAR@SIEMENS.COM', NULL, NULL, 0),
(20, 'EN', 'PRASAD.RAVERKAR@SIEMENS.COM', '2021-04-23 16:07:32', '2021-04-23 18:03:09', 1),
(21, 'EN', 'RAMASWAMY.KARUNANITHI@SIEMENS.COM', '2021-05-10 12:49:28', '2021-05-10 21:19:52', 1),
(22, 'EN', 'V.RAJALAKSHMI@SIEMENS.COM', NULL, NULL, 0),
(23, 'EN', 'LEENA.JAIN@SIEMENS.COM', '2021-05-14 17:13:09', '2021-05-14 17:24:37', 1),
(24, 'EN', 'PARESH.VORA@SIEMENS.COM', '2021-05-04 12:30:03', '2021-05-04 12:30:33', 1),
(25, 'EN', 'BRAJESH.RATHOR@SIEMENS.COM', '2021-05-14 19:02:00', '2021-05-14 19:02:30', 1),
(26, 'EN', 'SANJAY.IYANAHALLI@SIEMENS.COM', '2021-04-22 12:48:25', '2021-04-22 13:04:31', 1),
(27, 'EN', 'ABHIJIT.WAVHAL@SIEMENS.COM', NULL, NULL, 0),
(28, 'EN', 'PRAVIN.SHENOY@SIEMENS.COM', NULL, NULL, 0),
(29, 'EN', 'VAHIDA.SHAIKH@SIEMENS.COM', NULL, NULL, 0),
(30, 'EN', 'PRASAD.HARDIKAR@SIEMENS.COM', NULL, NULL, 0),
(31, 'EN', 'NILESH.SAWANT@SIEMENS.COM', NULL, NULL, 0),
(32, 'EN', 'SACHIN.SHAHANE@SIEMENS.COM', NULL, NULL, 0),
(33, 'EN', 'ATUL.JUGADE@SIEMENS.COM', NULL, NULL, 0),
(34, 'EN', 'PATIL.PRASHANT@SIEMENS.COM', NULL, NULL, 0),
(35, 'EN', 'SANTOSH.RAJHANS@SIEMENS.COM', NULL, NULL, 0),
(36, 'EN', 'PRASHANT.BARVE@SIEMENS.COM', NULL, NULL, 0),
(37, 'EN', 'KIRAN.KANHURKAR@SIEMENS.COM', NULL, NULL, 0),
(38, 'EN', 'VASANT.NATEKAR@SIEMENS.COM', NULL, NULL, 0),
(39, 'EN', 'ABHIJEET.DANDEKAR@SIEMENS.COM', NULL, NULL, 0),
(40, 'EN', 'DHROO.SARAIYA@SIEMENS.COM', NULL, NULL, 0),
(41, 'EN', 'SHREEKANT.SHAH@SIEMENS.COM', NULL, NULL, 0),
(42, 'EN', 'KARTIK.MEHTA@SIEMENS.COM', NULL, NULL, 0),
(43, 'EN', 'UMESH.SHAH@SIEMENS.COM', NULL, NULL, 0),
(44, 'EN', 'LALIT.JAIN@SIEMENS.COM', NULL, NULL, 0),
(45, 'EN', 'RAJAL.TRIVEDI@SIEMENS.COM', NULL, NULL, 0),
(46, 'EN', 'ALPESH.MEHTA@SIEMENS.COM', NULL, NULL, 0),
(47, 'EN', 'MANDAR.RAULGAONKAR@SIEMENS.COM', NULL, NULL, 0),
(48, 'EN', 'SACHIN.BHANUSHALI@SIEMENS.COM', NULL, NULL, 0),
(49, 'EN', 'ABHAY.NERKAR@SIEMENS.COM', NULL, NULL, 0),
(50, 'EN', 'MILIND.PATIL@SIEMENS.COM', NULL, NULL, 0),
(51, 'EN', 'DILIP.SATAV@SIEMENS.COM', NULL, NULL, 0),
(52, 'EN', 'ADITYA.RAMBAKSH@SIEMENS.COM', NULL, NULL, 0),
(53, 'EN', 'BALASAHEB.SOUNDATTI@SIEMENS.COM', NULL, NULL, 0),
(54, 'EN', 'SACHIN.SALASKAR@SIEMENS.COM', NULL, NULL, 0),
(55, 'EN', 'ABHIJIT.TENGSHE@SIEMENS.COM', NULL, NULL, 0),
(56, 'EN', 'SUDESH.SALIAN@SIEMENS.COM', NULL, NULL, 0),
(57, 'EN', 'MANGESH.PATIL@SIEMENS.COM', NULL, NULL, 0),
(58, 'EN', 'ASHISH.SHERE@SIEMENS.COM', NULL, NULL, 0),
(59, 'EN', 'VIKRAM.KARANDIKAR@SIEMENS.COM', NULL, NULL, 0),
(60, 'EN', 'TANMAY.DEOKULE@SIEMENS.COM', NULL, NULL, 0),
(61, 'EN', 'SHAILESH.TAMBATKAR@SIEMENS.COM', NULL, NULL, 0),
(62, 'EN', 'NILESH.SAKORE@SIEMENS.COM', NULL, NULL, 0),
(63, 'EN', 'MAKARAND.JOSHI@SIEMENS.COM', NULL, NULL, 0),
(64, 'EN', 'PRIYA.SALUNKHE@SIEMENS.COM', NULL, NULL, 0),
(65, 'EN', 'ASHISH.NAIK@SIEMENS.COM', NULL, NULL, 0),
(66, 'EN', 'SANDEEP.PATASKAR@SIEMENS.COM', NULL, NULL, 0),
(67, 'EN', 'MILIND.MESTRY@SIEMENS.COM', NULL, NULL, 0),
(68, 'EN', 'RAHUL.TENDOLKAR@SIEMENS.COM', NULL, NULL, 0),
(69, 'EN', 'NANDKUMAR.SAWANT@SIEMENS.COM', NULL, NULL, 0),
(70, 'EN', 'SULE.SACHIN@SIEMENS.COM', NULL, NULL, 0),
(71, 'EN', 'ARUN.MESTRI@SIEMENS.COM', NULL, NULL, 0),
(72, 'EN', 'VISHWAJIT.ASHTAPUTRE@SIEMENS.COM', NULL, NULL, 0),
(73, 'EN', 'WAHAB.SHAIKH@SIEMENS.COM', NULL, NULL, 0),
(74, 'EN', 'ARUN.KAMBLE@SIEMENS.COM', NULL, NULL, 0),
(75, 'EN', 'HEMANT.MAHALE@SIEMENS.COM', NULL, NULL, 0),
(76, 'EN', 'VIKAS.DESAI@SIEMENS.COM', NULL, NULL, 0),
(77, 'EN', 'ATUL.MORE@SIEMENS.COM', NULL, NULL, 0),
(78, 'EN', 'SATISH.MORE@SIEMENS.COM', NULL, NULL, 0),
(79, 'EN', 'PRAVIN.HOSURKAR@SIEMENS.COM', NULL, NULL, 0),
(80, 'EN', 'KIRAN.BADGUJAR@SIEMENS.COM', NULL, NULL, 0),
(81, 'EN', 'SAMEER.PRAKASH@SIEMENS.COM', NULL, NULL, 0),
(82, 'EN', 'LAXMI.CHAMOLI@SIEMENS.COM', NULL, NULL, 0),
(83, 'EN', 'SUBODH.SHARMA@SIEMENS.COM', NULL, NULL, 0),
(84, 'EN', 'SWATI.PATHARE@SIEMENS.COM', NULL, NULL, 0),
(85, 'EN', 'MARY.STALIN@SIEMENS.COM', NULL, NULL, 0),
(86, 'EN', 'MILIND.KULKARNI@SIEMENS.COM', NULL, NULL, 0),
(87, 'EN', 'RAJEEV.KULKARNI@SIEMENS.COM', NULL, NULL, 0),
(88, 'EN', 'PRADIP.BANDSODE@SIEMENS.COM', NULL, NULL, 0),
(89, 'EN', 'ARVIND.MARKETKAR@SIEMENS.COM', NULL, NULL, 0),
(90, 'EN', 'IGNATIUS.D_SOUZA@SIEMENS.COM', NULL, NULL, 0),
(91, 'EN', 'MILIND.KALE@SIEMENS.COM', NULL, NULL, 0),
(92, 'EN', 'KIRAN.GADRE@SIEMENS.COM', NULL, NULL, 0),
(93, 'EN', 'PRADEEP.INDULKAR@SIEMENS.COM', NULL, NULL, 0),
(94, 'EN', 'SUNIL.BHOSALE@SIEMENS.COM', NULL, NULL, 0),
(95, 'EN', 'KISHOR.CHAUDHARI@SIEMENS.COM', NULL, NULL, 0),
(96, 'EN', 'PRAVEEN.KHAIRNAR@SIEMENS.COM', NULL, NULL, 0),
(97, 'EN', 'SWAPNIL.DESHPANDE@SIEMENS.COM', NULL, NULL, 0),
(98, 'EN', 'SUJIT.JOSHI@SIEMENS.COM', NULL, NULL, 0),
(99, 'EN', 'ANIRUDHA.HADNURKAR@SIEMENS.COM', NULL, NULL, 0),
(100, 'EN', 'SAMSON.SAMUEL@SIEMENS.COM', NULL, NULL, 0),
(101, 'EN', 'ABHIJIT.TAMBAT@SIEMENS.COM', NULL, NULL, 0),
(102, 'EN', 'DIPAK.PALIWAL@SIEMENS.COM', NULL, NULL, 0),
(103, 'EN', 'SWAPNIL.DEOSTHALI@SIEMENS.COM', NULL, NULL, 0),
(104, 'EN', 'VIKAS.MANORIA@SIEMENS.COM', NULL, NULL, 0),
(105, 'EN', 'NITIN.ADKE@SIEMENS.COM', NULL, NULL, 0),
(106, 'EN', 'SANJUKTA.DEV@SIEMENS.COM', NULL, NULL, 0),
(107, 'EN', 'BIRESWAR.ROY@SIEMENS.COM', NULL, NULL, 0),
(108, 'EN', 'ZAKIRHUSAIN.BAIRAGDAR@SIEMENS.COM', NULL, NULL, 0),
(109, 'EN', 'SHANTANU.MAZUMDAR@SIEMENS.COM', NULL, NULL, 0),
(110, 'EN', 'SAIBAL.ROY@SIEMENS.COM', NULL, NULL, 0),
(111, 'EN', 'SOURAV.SADHUKHAN@SIEMENS.COM', NULL, NULL, 0),
(112, 'EN', 'SUBRATA.CHATTOPADHYAY@SIEMENS.COM', NULL, NULL, 0),
(113, 'EN', 'MUKHOPADHYAY.ARINDAM@SIEMENS.COM', NULL, NULL, 0),
(114, 'EN', 'TIRTHANKAR.BANERJEE@SIEMENS.COM', NULL, NULL, 0),
(115, 'EN', 'DIPANKAR.KONAR@SIEMENS.COM', NULL, NULL, 0),
(116, 'EN', 'ANGSHUMAN.ROYCHOUDHURY@SIEMENS.COM', NULL, NULL, 0),
(117, 'EN', 'CHAKRABORTY.INDRANIL@SIEMENS.COM', NULL, NULL, 0),
(118, 'EN', 'AMARNATH.KARMAKAR@SIEMENS.COM', NULL, NULL, 0),
(119, 'EN', 'SOMNATH.BAIDYA@SIEMENS.COM', NULL, NULL, 0),
(120, 'EN', 'SANDIP.GALAYA@SIEMENS.COM', NULL, NULL, 0),
(121, 'EN', 'SHOUNAK.PAL@SIEMENS.COM', NULL, NULL, 0),
(122, 'EN', 'MAHENDIRAN.MURUGAN@SIEMENS.COM', NULL, NULL, 0),
(123, 'EN', 'BANGERA.RADHIKA@SIEMENS.COM', NULL, NULL, 0),
(124, 'EN', 'BHARATH.VAKHADE@SIEMENS.COM', NULL, NULL, 0),
(125, 'EN', 'PRATISH.SHETH@SIEMENS.COM', NULL, NULL, 0),
(126, 'EN', 'VIVEK.ROY@SIEMENS.COM', NULL, NULL, 0),
(127, 'EN', 'ANKIT.AHUJA@SIEMENS.COM', NULL, NULL, 0),
(128, 'EN', 'SANTOSH.GAIKWAD@SIEMENS.COM', NULL, NULL, 0),
(129, 'EN', 'VIPUL.PATEL@SIEMENS.COM', NULL, NULL, 0),
(130, 'EN', 'ABHIJEET.BANERJEE@SIEMENS.COM', NULL, NULL, 0),
(131, 'EN', 'RAMAN.OBEROI@SIEMENS.COM', NULL, NULL, 0),
(132, 'EN', 'GURUDATTA.PHADKE@SIEMENS.COM', NULL, NULL, 0),
(133, 'EN', 'SHUBHA.SHETTY@SIEMENS.COM', NULL, NULL, 0),
(134, 'EN', 'SANJOY.DEY@SIEMENS.COM', NULL, NULL, 0),
(135, 'EN', 'ARUNESH.SINGH@SIEMENS.COM', NULL, NULL, 0),
(136, 'EN', 'SANDEEP.BARDE@SIEMENS.COM', NULL, NULL, 0),
(137, 'EN', 'SINGH.HARPAL@SIEMENS.COM', NULL, NULL, 0),
(138, 'EN', 'PATIL.VIJAY@SIEMENS.COM', NULL, NULL, 0),
(139, 'EN', 'AMITABHA.MALLICK@SIEMENS.COM', NULL, NULL, 0),
(140, 'EN', 'SHIVSHANKAR.CHANDRA_MOULI@SIEMENS.COM', NULL, NULL, 0),
(141, 'EN', 'KUMAR.CVS@SIEMENS.COM', NULL, NULL, 0),
(142, 'EN', 'MANJEET.MOR@SIEMENS.COM', NULL, NULL, 0),
(143, 'EN', 'VINEET.SAXENA@SIEMENS.COM', NULL, NULL, 0),
(144, 'EN', 'RAMESH.PALANIVEL@SIEMENS.COM', NULL, NULL, 0),
(145, 'EN', 'SHREENIVAS.DESAI@SIEMENS.COM', NULL, NULL, 0),
(146, 'EN', 'MADHAVATP.BINDU@SIEMENS.COM', NULL, NULL, 0),
(147, 'EN', 'ANANT.KULKARNI@SIEMENS.COM', NULL, NULL, 0),
(148, 'EN', 'HARESH.SHAH@SIEMENS.COM', NULL, NULL, 0),
(149, 'EN', 'MAHESWARAN.GUNASEKARAN@SIEMENS.COM', NULL, NULL, 0),
(150, 'EN', 'SHANTHAKUMAR.M@SIEMENS.COM', NULL, NULL, 0),
(151, 'EN', 'MITESH.SHETH@SIEMENS.COM', NULL, NULL, 0),
(152, 'EN', 'VEDAVYAS.NAYAK@SIEMENS.COM', NULL, NULL, 0),
(153, 'EN', 'SUDHEER.TS@SIEMENS.COM', NULL, NULL, 0),
(154, 'EN', 'PARAG.PINGULKAR@SIEMENS.COM', NULL, NULL, 0),
(155, 'EN', 'DEEPAK.JADHAV@SIEMENS.COM', NULL, NULL, 0),
(156, 'EN', 'NILESH.DESHPANDE@SIEMENS.COM', NULL, NULL, 0),
(157, 'EN', 'AMIT.PATHAK@SIEMENS.COM', NULL, NULL, 0),
(158, 'EN', 'SOUMIK.MUKHERJEE@SIEMENS.COM', NULL, NULL, 0),
(159, 'EN', 'AMIT.VAIDYA@SIEMENS.COM', NULL, NULL, 0),
(160, 'EN', 'SAGAR.SOHONI@SIEMENS.COM', NULL, NULL, 0),
(161, 'EN', 'SNEHAL.TADKE@SIEMENS.COM', NULL, NULL, 0),
(162, 'EN', 'SONU.SINGH@SIEMENS.COM', NULL, NULL, 0),
(163, 'EN', 'VINAY.TODKAR@SIEMENS.COM', NULL, NULL, 0),
(164, 'EN', 'RAJESH.RAINA@SIEMENS.COM', NULL, NULL, 0),
(165, 'EN', 'AMBRISH.GUPTA@SIEMENS.COM', NULL, NULL, 0),
(166, 'EN', 'NILESH.SHAH@SIEMENS.COM', NULL, NULL, 0),
(167, 'EN', 'ASHVITHA.SHETTY@SIEMENS.COM', NULL, NULL, 0),
(168, 'EN', 'VINEET.MUSALE@SIEMENS.COM', NULL, NULL, 0),
(169, 'EN', 'ATUL.SHUKLA@SIEMENS.COM', NULL, NULL, 0),
(170, 'EN', 'MANALI.ASHTAPUTRE@SIEMENS.COM', NULL, NULL, 0),
(171, 'EN', 'ASHWANI.GOEL@SIEMENS.COM', NULL, NULL, 0),
(172, 'EN', 'SUNITA.MIYA@SIEMENS.COM', NULL, NULL, 0),
(173, 'EN', 'SANDEEP.VAIDYA@SIEMENS.COM', NULL, NULL, 0),
(174, 'EN', 'ANANTHACHARI.SREERAM@SIEMENS.COM', NULL, NULL, 0),
(175, 'EN', 'DILIP.BHERE@SIEMENS.COM', NULL, NULL, 0),
(176, 'EN', 'A.SIVAKUMAR@SIEMENS.COM', NULL, NULL, 0),
(177, 'EN', 'SUMEDH.GAMARE@SIEMENS.COM', NULL, NULL, 0),
(178, 'EN', 'PRADEEPSINGH@SIEMENS.COM', NULL, NULL, 0),
(179, 'EN', 'SANDIP.TALWARE@SIEMENS.COM', NULL, NULL, 0),
(180, 'EN', 'BRIJENDRA.YADAV@SIEMENS.COM', NULL, NULL, 0),
(181, 'EN', 'MAINAK.CHAKRABORTTY@SIEMENS.COM', NULL, NULL, 0),
(182, 'EN', 'RAMIT.MEHRA@SIEMENS.COM', NULL, NULL, 0),
(183, 'EN', 'SUJYOTI.BAGAYATKAR@SIEMENS.COM', NULL, NULL, 0),
(184, 'EN', 'BIROJ.NAYAK@SIEMENS.COM', NULL, NULL, 0),
(185, 'EN', 'JOSEPH.SCARIA@SIEMENS.COM', NULL, NULL, 0),
(186, 'EN', 'SUBASH.VR@SIEMENS.COM', NULL, NULL, 0),
(187, 'EN', 'VISHAL.PAWAR@SIEMENS.COM', NULL, NULL, 0),
(188, 'EN', 'DHANANJAY.BHAVSAR@SIEMENS.COM', NULL, NULL, 0),
(189, 'EN', 'SAGAR.RAJE@SIEMENS.COM', NULL, NULL, 0),
(190, 'EN', 'ASHOK.LAGISHETTY@SIEMENS.COM', NULL, NULL, 0),
(191, 'EN', 'ASHISH.MANGLA@SIEMENS.COM', NULL, NULL, 0),
(192, 'EN', 'SUMIT.SENGUPTA@SIEMENS.COM', NULL, NULL, 0),
(193, 'EN', 'SHIVAJI.KAKADE@SIEMENS.COM', NULL, NULL, 0),
(194, 'EN', 'SHALIN.SHAH@SIEMENS.COM', NULL, NULL, 0),
(195, 'EN', 'ATUL.NAVADKAR@SIEMENS.COM', NULL, NULL, 0),
(196, 'EN', 'GOPIKRISHNA.CHINTALA@SIEMENS.COM', NULL, NULL, 0),
(197, 'EN', 'NEETA.SAWANT@SIEMENS.COM', NULL, NULL, 0),
(198, 'EN', 'NITINBANSAL@SIEMENS.COM', NULL, NULL, 0),
(199, 'EN', 'SUNIL.SINGLA@SIEMENS.COM', NULL, NULL, 0),
(200, 'EN', 'MAYANK.NIGAM@SIEMENS.COM', NULL, NULL, 0),
(201, 'EN', 'ATUL.DALVI@SIEMENS.COM', NULL, NULL, 0),
(202, 'EN', 'VASUDEVAN.TK@SIEMENS.COM', NULL, NULL, 0),
(203, 'EN', 'JAVED.PINJARI@SIEMENS.COM', NULL, NULL, 0),
(204, 'EN', 'RESHMA.GUJARAN@SIEMENS.COM', NULL, NULL, 0),
(205, 'EN', 'VINOD.BHAWAR@SIEMENS.COM', NULL, NULL, 0),
(206, 'EN', 'KALPESHPATEL@SIEMENS.COM', NULL, NULL, 0),
(207, 'EN', 'ROHIT.DARJI@SIEMENS.COM', NULL, NULL, 0),
(208, 'EN', 'BRIJESH.GUPTA@SIEMENS.COM', NULL, NULL, 0),
(209, 'EN', 'GIRISH.POPHALE@SIEMENS.COM', NULL, NULL, 0),
(210, 'EN', 'SOBHAN.SENGUPTA@SIEMENS.COM', NULL, NULL, 0),
(211, 'EN', 'PRANEETH.M@SIEMENS.COM', NULL, NULL, 0),
(212, 'EN', 'MUTHUKUMAR.V@SIEMENS.COM', NULL, NULL, 0),
(213, 'EN', 'ASHUTOSH.CHITRE@SIEMENS.COM', NULL, NULL, 0),
(214, 'EN', 'PARAG.RATHI@SIEMENS.COM', NULL, NULL, 0),
(215, 'EN', 'REDDY.SANDEEP@SIEMENS.COM', NULL, NULL, 0),
(216, 'EN', 'LAKSHMANAN.S@SIEMENS.COM', NULL, NULL, 0),
(217, 'EN', 'S.ANAND@SIEMENS.COM', NULL, NULL, 0),
(218, 'EN', 'MOHAMMED.AKMAL@SIEMENS.COM', NULL, NULL, 0),
(219, 'EN', 'PRAJAKTA.VELANKAR@SIEMENS.COM', NULL, NULL, 0),
(220, 'EN', 'ANUP.BADAVE@SIEMENS.COM', NULL, NULL, 0),
(221, 'EN', 'ANINDYA.SINGH@SIEMENS.COM', NULL, NULL, 0),
(222, 'EN', 'NAVEENKUMAR@SIEMENS.COM', NULL, NULL, 0),
(223, 'EN', 'ANAMITRA.MAJUMDAR@SIEMENS.COM', NULL, NULL, 0),
(224, 'EN', 'PARAG.DAWDA@SIEMENS.COM', NULL, NULL, 0),
(225, 'EN', 'MITHUN.NAIK@SIEMENS.COM', NULL, NULL, 0),
(226, 'EN', 'PINAK.BHATT@SIEMENS.COM', NULL, NULL, 0),
(227, 'EN', 'SOURAV.NAG@SIEMENS.COM', NULL, NULL, 0),
(228, 'EN', 'VINAYAK.PATIL@SIEMENS.COM', NULL, NULL, 0),
(229, 'EN', 'RANDEEP.GHADI@SIEMENS.COM', NULL, NULL, 0),
(230, 'EN', 'SUBRAMANI.R@SIEMENS.COM', NULL, NULL, 0),
(231, 'EN', 'JANARDHANAN.J@SIEMENS.COM', NULL, NULL, 0),
(232, 'EN', 'SANDEEP.SALUNKE@SIEMENS.COM', NULL, NULL, 0),
(233, 'EN', 'TEJAS.PATEL@SIEMENS.COM', NULL, NULL, 0),
(234, 'EN', 'PAWAN.NARYAL@SIEMENS.COM', NULL, NULL, 0),
(235, 'EN', 'PIYUSH.THAKER@SIEMENS.COM', NULL, NULL, 0),
(236, 'EN', 'DEBABRATA.DUTTA@SIEMENS.COM', NULL, NULL, 0),
(237, 'EN', 'PRAVIN.DIVEKAR@SIEMENS.COM', NULL, NULL, 0),
(238, 'EN', 'SONAM.SHELAR@SIEMENS.COM', NULL, NULL, 0),
(239, 'EN', 'SUBHANKAR.GHOSH@SIEMENS.COM', NULL, NULL, 0),
(240, 'EN', 'PRITAM.BASUMALLICK@SIEMENS.COM', NULL, NULL, 0),
(241, 'EN', 'PADAM.SHARMA@SIEMENS.COM', NULL, NULL, 0),
(242, 'EN', 'GURVINDER.SINGH@SIEMENS.COM', NULL, NULL, 0),
(243, 'EN', 'ROHIT.SURVE@SIEMENS.COM', NULL, NULL, 0),
(244, 'EN', 'SIVAPRAKASAM.R@SIEMENS.COM', NULL, NULL, 0),
(245, 'EN', 'BHARATHIDHASAN.M@SIEMENS.COM', NULL, NULL, 0),
(246, 'EN', 'MOHANKUMAR.P@SIEMENS.COM', NULL, NULL, 0),
(247, 'EN', 'CHANDRAKANT.KESHRANI@SIEMENS.COM', NULL, NULL, 0),
(248, 'EN', 'KIM.SEQUEIRA@SIEMENS.COM', NULL, NULL, 0),
(249, 'EN', 'BIKRAM.SARKAR@SIEMENS.COM', NULL, NULL, 0),
(250, 'EN', 'SACHIN.CHAVAN@SIEMENS.COM', NULL, NULL, 0),
(251, 'EN', 'SUYOG.KULKARNI@SIEMENS.COM', NULL, NULL, 0),
(252, 'EN', 'CHANDRASHEKHAR.TIWARI@SIEMENS.COM', NULL, NULL, 0),
(253, 'EN', 'ANAND.GAWADE@SIEMENS.COM', NULL, NULL, 0),
(254, 'EN', 'URJIT.NAIK@SIEMENS.COM', NULL, NULL, 0),
(255, 'EN', 'RAVINDRA.MORE@SIEMENS.COM', NULL, NULL, 0),
(256, 'EN', 'R.RANGANATHAN@SIEMENS.COM', NULL, NULL, 0),
(257, 'EN', 'THANGAPANDIYAN.R@SIEMENS.COM', NULL, NULL, 0),
(258, 'EN', 'DESHPANDE.SACHIN@SIEMENS.COM', NULL, NULL, 0),
(259, 'EN', 'RUBENGERALD.S@SIEMENS.COM', NULL, NULL, 0),
(260, 'EN', 'VIVEK.KK@SIEMENS.COM', NULL, NULL, 0),
(261, 'EN', 'ARUP.MITRA@SIEMENS.COM', NULL, NULL, 0),
(262, 'EN', 'ASHOK.TEKCHANDANI@SIEMENS.COM', NULL, NULL, 0),
(263, 'EN', 'KOUSTUBH.KULKARNI@SIEMENS.COM', NULL, NULL, 0),
(264, 'EN', 'MUTHUMANIKAM.L@SIEMENS.COM', NULL, NULL, 0),
(265, 'EN', 'SHAH.PRATIK@SIEMENS.COM', NULL, NULL, 0),
(266, 'EN', 'SUNAYANA.JADHAV@SIEMENS.COM', NULL, NULL, 0),
(267, 'EN', 'KAMALANABAN.TV@SIEMENS.COM', NULL, NULL, 0),
(268, 'EN', 'NITIN.MALPURE@SIEMENS.COM', NULL, NULL, 0),
(269, 'EN', 'JAYESH.BHAVSAR@SIEMENS.COM', NULL, NULL, 0),
(270, 'EN', 'GAJANAN.JADHAV@SIEMENS.COM', NULL, NULL, 0),
(271, 'EN', 'YOGENDER.KUMAR@SIEMENS.COM', NULL, NULL, 0),
(272, 'EN', 'VIJAY.CHAVAN@SIEMENS.COM', NULL, NULL, 0),
(273, 'EN', 'BIPLAB.DATTA@SIEMENS.COM', NULL, NULL, 0),
(274, 'EN', 'ANAND.BANKAR@SIEMENS.COM', NULL, NULL, 0),
(275, 'EN', 'SHOBHA.DEVADIGA@SIEMENS.COM', NULL, NULL, 0),
(276, 'EN', 'RAKESH.KACHOLIA@SIEMENS.COM', NULL, NULL, 0),
(277, 'EN', 'MADHURI.SARAF@SIEMENS.COM', NULL, NULL, 0),
(278, 'EN', 'SANDIP.PAWAR@SIEMENS.COM', NULL, NULL, 0),
(279, 'EN', 'AMBICA.ZUTSHI@SIEMENS.COM', NULL, NULL, 0),
(280, 'EN', 'SAMUEL.PRASAD@SIEMENS.COM', NULL, NULL, 0),
(281, 'EN', 'KAVITA.SHARMA@SIEMENS.COM', NULL, NULL, 0),
(282, 'EN', 'SATISH.SHIVTARKAR@SIEMENS.COM', NULL, NULL, 0),
(283, 'EN', 'KAILAS.KULKARNI@SIEMENS.COM', NULL, NULL, 0),
(284, 'EN', 'MURALIKRISHNAN.M@SIEMENS.COM', NULL, NULL, 0),
(285, 'EN', 'SHITAL.SEN@SIEMENS.COM', NULL, NULL, 0),
(286, 'EN', 'JATIN.KUMAR@SIEMENS.COM', NULL, NULL, 0),
(287, 'EN', 'SHAILENDRA.BHORKAR@SIEMENS.COM', NULL, NULL, 0),
(288, 'EN', 'DHANAJI.GHOLAP@SIEMENS.COM', NULL, NULL, 0),
(289, 'EN', 'GANESH.CHAUDHARI@SIEMENS.COM', NULL, NULL, 0),
(290, 'EN', 'KEDAR.DINGORE@SIEMENS.COM', NULL, NULL, 0),
(291, 'EN', 'ASHAY.DESHMUKH@SIEMENS.COM', NULL, NULL, 0),
(292, 'EN', 'NIRAJ.PITHVA@SIEMENS.COM', NULL, NULL, 0),
(293, 'EN', 'PARAS.SHAH@SIEMENS.COM', NULL, NULL, 0),
(294, 'EN', 'NANDAKUMAR.B@SIEMENS.COM', NULL, NULL, 0),
(295, 'EN', 'DARSHANA.SHIRKE@SIEMENS.COM', NULL, NULL, 0),
(296, 'EN', 'MOHINI.HANWATE@SIEMENS.COM', NULL, NULL, 0),
(297, 'EN', 'JAYESH.SHAH@SIEMENS.COM', NULL, NULL, 0),
(298, 'EN', 'RAMKUMAR.S@SIEMENS.COM', NULL, NULL, 0),
(299, 'EN', 'VIRAL.KHANDWALA@SIEMENS.COM', NULL, NULL, 0),
(300, 'EN', 'LATHA.PHILIP@SIEMENS.COM', NULL, NULL, 0),
(301, 'EN', 'ANKUR.CHOKSHI@SIEMENS.COM', NULL, NULL, 0),
(302, 'EN', 'KAUSHAL.CHAUHAN@SIEMENS.COM', NULL, NULL, 0),
(303, 'EN', 'SUNNY.SASIDHARAN@SIEMENS.COM', NULL, NULL, 0),
(304, 'EN', 'ADIL.SAJID@SIEMENS.COM', NULL, NULL, 0),
(305, 'EN', 'SAYANTAN.GHOSH@SIEMENS.COM', NULL, NULL, 0),
(306, 'EN', 'SUBHOJIT.HAZRA@SIEMENS.COM', NULL, NULL, 0),
(307, 'EN', 'SUHAS.KAKADE@SIEMENS.COM', NULL, NULL, 0),
(308, 'EN', 'ARNAB.DUTTA@SIEMENS.COM', NULL, NULL, 0),
(309, 'EN', 'PRAMOD.MULAYE@SIEMENS.COM', NULL, NULL, 0),
(310, 'EN', 'NAYEEM.MOHAMMED@SIEMENS.COM', NULL, NULL, 0),
(311, 'EN', 'VIVEK.PATEL@SIEMENS.COM', NULL, NULL, 0),
(312, 'EN', 'ABOOBAKAR.KHAN@SIEMENS.COM', NULL, NULL, 0),
(313, 'EN', 'ARUN.VEER@SIEMENS.COM', NULL, NULL, 0),
(314, 'EN', 'SURESHKANNAN.R@SIEMENS.COM', NULL, NULL, 0),
(315, 'EN', 'SATHYA.SURI@SIEMENS.COM', NULL, NULL, 0),
(316, 'EN', 'VAISHALI.KUMBARGERI@SIEMENS.COM', NULL, NULL, 0),
(317, 'EN', 'ROHIT.SETH@SIEMENS.COM', NULL, NULL, 0),
(318, 'EN', 'AKASH.JOSHI@SIEMENS.COM', NULL, NULL, 0),
(319, 'EN', 'FIROZ.ELAHI@SIEMENS.COM', NULL, NULL, 0),
(320, 'EN', 'DEEPAKUMARAN.R@SIEMENS.COM', NULL, NULL, 0),
(321, 'EN', 'SUBIRKANTI.DAS@SIEMENS.COM', NULL, NULL, 0),
(322, 'EN', 'SAMEER.MESTRY@SIEMENS.COM', NULL, NULL, 0),
(323, 'EN', 'APALA.MITRA@SIEMENS.COM', NULL, NULL, 0),
(324, 'EN', 'KIRAN.SHINDE@SIEMENS.COM', NULL, NULL, 0),
(325, 'EN', 'AMIT.BANDYOPADHYAY@SIEMENS.COM', NULL, NULL, 0),
(326, 'EN', 'NAVEEN.SN@SIEMENS.COM', NULL, NULL, 0),
(327, 'EN', 'GOKUL.PATIL@SIEMENS.COM', NULL, NULL, 0),
(328, 'EN', 'ASHUTOSH.SHETE@SIEMENS.COM', NULL, NULL, 0),
(329, 'EN', 'SANJAY.LONKAR@SIEMENS.COM', NULL, NULL, 0),
(330, 'EN', 'MURALIKRISHNA.TUMATI@SIEMENS.COM', NULL, NULL, 0),
(331, 'EN', 'KIRAN.KAMBLE@SIEMENS.COM', NULL, NULL, 0),
(332, 'EN', 'VAIBHAV.DALAL@SIEMENS.COM', NULL, NULL, 0),
(333, 'EN', 'KISHORE.LINGAMNENI@SIEMENS.COM', NULL, NULL, 0),
(334, 'EN', 'SHRIGOPAL.MISHRA@SIEMENS.COM', NULL, NULL, 0),
(335, 'EN', 'DEEPAK.BENIWAL@SIEMENS.COM', NULL, NULL, 0),
(336, 'EN', 'YOGESH.KULKARNI@SIEMENS.COM', NULL, NULL, 0),
(337, 'EN', 'SUBRAMANIAM.MURALI@SIEMENS.COM', NULL, NULL, 0),
(338, 'EN', 'PANKAJ.BALAKHE@SIEMENS.COM', NULL, NULL, 0),
(339, 'EN', 'JAIN.VIKAS@SIEMENS.COM', NULL, NULL, 0),
(340, 'EN', 'RAHUL.DAS@SIEMENS.COM', NULL, NULL, 0),
(341, 'EN', 'ROHIT.JAGGA@SIEMENS.COM', NULL, NULL, 0),
(342, 'EN', 'PATEL.JIGNESH@SIEMENS.COM', NULL, NULL, 0),
(343, 'EN', 'RAJESH.PAL@SIEMENS.COM', NULL, NULL, 0),
(344, 'EN', 'NANDAKUMAR.NARASIMHAN@SIEMENS.COM', NULL, NULL, 0),
(345, 'EN', 'KIRAN.GADDE@SIEMENS.COM', NULL, NULL, 0),
(346, 'EN', 'HIREN.RAITHATHA@SIEMENS.COM', NULL, NULL, 0),
(347, 'EN', 'PRADEEP.AJADIA@SIEMENS.COM', NULL, NULL, 0),
(348, 'EN', 'AMIT.WADEKAR@SIEMENS.COM', NULL, NULL, 0),
(349, 'EN', 'PAWAR.PRASHANT@SIEMENS.COM', NULL, NULL, 0),
(350, 'EN', 'NAMIT.JETLY@SIEMENS.COM', NULL, NULL, 0),
(351, 'EN', 'SHOAIB.KAZI@SIEMENS.COM', NULL, NULL, 0),
(352, 'EN', 'RAAVI.KULKARNI@SIEMENS.COM', '2021-05-05 16:37:27', '2021-05-05 17:58:42', 1),
(353, 'EN', 'SRINIVASAN.ALLAMADEVAN@SIEMENS.COM', NULL, NULL, 0),
(354, 'EN', 'BOOPATHY.SIVATHANU@SIEMENS.COM', '2021-04-26 11:47:25', '2021-04-26 14:29:45', 1),
(355, 'EN', 'ATUL.ROKADE@SIEMENS.COM', NULL, NULL, 0),
(356, 'EN', 'SANDEEP.SURVE@SIEMENS.COM', NULL, NULL, 0),
(357, 'EN', 'NITESH.PARAB@SIEMENS.COM', '2021-05-10 12:38:47', '2021-05-10 12:58:11', 1),
(358, 'EN', 'KUMAR.DEEPAK@SIEMENS.COM', NULL, NULL, 0),
(359, 'EN', 'PRIYANKA.SAWANT@SIEMENS.COM', '2021-04-27 09:27:28', '2021-04-27 09:30:46', 1),
(360, 'EN', 'KISHAN.ANDURE@SIEMENS.COM', '2021-05-10 12:45:24', '2021-05-10 14:24:00', 1),
(361, 'EN', 'MANGESH.SOPNAR@SIEMENS.COM', '2021-04-26 16:22:39', '2021-04-26 19:19:45', 1),
(362, 'EN', 'MONDRIAN.SENGUPTA@SIEMENS.COM', NULL, NULL, 0),
(363, 'EN', 'RAJESH.CHATTERJEE@SIEMENS.COM', NULL, NULL, 0),
(364, 'EN', 'DILIP.GHORAI@SIEMENS.COM', NULL, NULL, 0),
(365, 'EN', 'GAGAN.TANEJA@SIEMENS.COM', NULL, NULL, 0),
(366, 'EN', 'SANTANU.DEB@SIEMENS.COM', '2021-04-27 11:25:51', '2021-04-27 11:54:21', 1),
(367, 'EN', 'PREM.JAGADEESAN@SIEMENS.COM', NULL, NULL, 0),
(368, 'EN', 'M.MARIMUTHU@SIEMENS.COM', NULL, NULL, 0),
(369, 'EN', 'NAIR.VINOD@SIEMENS.COM', NULL, NULL, 0),
(370, 'EN', 'KEDAR.KULKARNI@SIEMENS.COM', NULL, NULL, 0),
(371, 'EN', 'AVANTI.SATAM@SIEMENS.COM', NULL, NULL, 0),
(372, 'EN', 'SAMEER.TIVLEKAR@SIEMENS.COM', '2021-04-27 09:31:37', '2021-04-27 15:07:18', 1),
(373, 'EN', 'MAHESH.ZAMBARE@SIEMENS.COM', NULL, NULL, 0),
(374, 'EN', 'DEEPAK.DOKE@SIEMENS.COM', NULL, NULL, 0),
(375, 'EN', 'VILAS.YEOLE@SIEMENS.COM', NULL, NULL, 0),
(376, 'EN', 'SANTOSH.TULASKAR@SIEMENS.COM', NULL, NULL, 0),
(377, 'EN', 'MANAS.SAHU@SIEMENS.COM', NULL, NULL, 0),
(378, 'EN', 'SANJAY.BK@SIEMENS.COM', NULL, NULL, 0),
(379, 'EN', 'AJAY.MISHRA@SIEMENS.COM', NULL, NULL, 0),
(380, 'EN', 'DEBASHIS.BISWAS@SIEMENS.COM', NULL, NULL, 0),
(381, 'EN', 'SAURABH.PATHAK@SIEMENS.COM', NULL, NULL, 0),
(382, 'EN', 'SHARMARAJEEV@SIEMENS.COM', NULL, NULL, 0),
(383, 'EN', 'PRASHANT.BANDAL@SIEMENS.COM', NULL, NULL, 0),
(384, 'EN', 'PATIL.GAJANAN@SIEMENS.COM', NULL, NULL, 0),
(385, 'EN', 'ROHAN.BHANUSHALI@SIEMENS.COM', NULL, NULL, 0),
(386, 'EN', 'ROHIT.NANDAN@SIEMENS.COM', NULL, NULL, 0),
(387, 'EN', 'HEMANTJAIN@SIEMENS.COM', NULL, NULL, 0),
(388, 'EN', 'MILIND.PATEL@SIEMENS.COM', NULL, NULL, 0),
(389, 'EN', 'DHANASEKHAR.MARAKA@SIEMENS.COM', NULL, NULL, 0),
(390, 'EN', 'KRUNAL.KAPADIA@SIEMENS.COM', NULL, NULL, 0),
(391, 'EN', 'SENBAGAGANESH.I@SIEMENS.COM', NULL, NULL, 0),
(392, 'EN', 'MD.KASHIF@SIEMENS.COM', NULL, NULL, 0),
(393, 'EN', 'ABU.TALHA@SIEMENS.COM', NULL, NULL, 0),
(394, 'EN', 'PAREKH.TEJAS@SIEMENS.COM', NULL, NULL, 0),
(395, 'EN', 'NITIN.VERMA@SIEMENS.COM', NULL, NULL, 0),
(396, 'EN', 'ROY.SANJIB@SIEMENS.COM', NULL, NULL, 0),
(397, 'EN', 'BHIMGOUDA.GOUDAR@SIEMENS.COM', NULL, NULL, 0),
(398, 'EN', 'OMPRAKASH.NAIK@SIEMENS.COM', NULL, NULL, 0),
(399, 'EN', 'CHINMAY.DAVE@SIEMENS.COM', NULL, NULL, 0),
(400, 'EN', 'BHAVESH.SHAH@SIEMENS.COM', NULL, NULL, 0),
(401, 'EN', 'MURUGARAJ.S@SIEMENS.COM', NULL, NULL, 0),
(402, 'EN', 'SAMBARAN.DEY@SIEMENS.COM', NULL, NULL, 0),
(403, 'EN', 'ABHINAY.GOEL@SIEMENS.COM', NULL, NULL, 0),
(404, 'EN', 'VIKAS.DHIVAR@SIEMENS.COM', NULL, NULL, 0),
(405, 'EN', 'KUMARSK@SIEMENS.COM', NULL, NULL, 0),
(406, 'EN', 'TARAKNATH.MAJUMDER@SIEMENS.COM', NULL, NULL, 0),
(407, 'EN', 'SANJAY.BORKAR@SIEMENS.COM', NULL, NULL, 0),
(408, 'EN', 'MOHAMMED.SHAHNAWAZ@SIEMENS.COM', NULL, NULL, 0),
(409, 'EN', 'SAGAR.SANE@SIEMENS.COM', NULL, NULL, 0),
(410, 'EN', 'ABHINAV.RASTOGI@SIEMENS.COM', NULL, NULL, 0),
(411, 'EN', 'MAYURESH.DIKSHIT@SIEMENS.COM', NULL, NULL, 0),
(412, 'EN', 'KRISHNAKANTA.GHOSH@SIEMENS.COM', NULL, NULL, 0),
(413, 'EN', 'MOORTHY.KM@SIEMENS.COM', NULL, NULL, 0),
(414, 'EN', 'PRADEEP.CHANDAK@SIEMENS.COM', NULL, NULL, 0),
(415, 'EN', 'HRISHIKESH.KULKARNI@SIEMENS.COM', NULL, NULL, 0),
(416, 'EN', 'SINGH.MANOJ@SIEMENS.COM', NULL, NULL, 0),
(417, 'EN', 'PRITAM.PATRA@SIEMENS.COM', NULL, NULL, 0),
(418, 'EN', 'MAHESH.CHAUDHARY@SIEMENS.COM', NULL, NULL, 0),
(419, 'EN', 'PHANIKUMAR.KKL@SIEMENS.COM', NULL, NULL, 0),
(420, 'EN', 'MAHENDRA.BHARAMBE@SIEMENS.COM', NULL, NULL, 0),
(421, 'EN', 'PRASAD.KADAM@SIEMENS.COM', NULL, NULL, 0),
(422, 'EN', 'STALIN.MUTHAPPA@SIEMENS.COM', NULL, NULL, 0),
(423, 'EN', 'SAMEER.ANGADI@SIEMENS.COM', NULL, NULL, 0),
(424, 'EN', 'MUTHU.KUMAR@SIEMENS.COM', NULL, NULL, 0),
(425, 'EN', 'VIJAYKIRAN.MEDURI@SIEMENS.COM', NULL, NULL, 0),
(426, 'EN', 'AMOL.PAWAR@SIEMENS.COM', NULL, NULL, 0),
(427, 'EN', 'KAUSHIK.TRIVEDI@SIEMENS.COM', NULL, NULL, 0),
(428, 'EN', 'MAHESH.PATTANAIK@SIEMENS.COM', NULL, NULL, 0),
(429, 'EN', 'PAROMITA.MAJUMDAR@SIEMENS.COM', NULL, NULL, 0),
(430, 'EN', 'KH.GIRISH@SIEMENS.COM', NULL, NULL, 0),
(431, 'EN', 'ROHINTON.PATEL@SIEMENS.COM', NULL, NULL, 0),
(432, 'EN', 'DEBASISH.SEN@SIEMENS.COM', NULL, NULL, 0),
(433, 'EN', 'SANDEEP.KADLAK@SIEMENS.COM', NULL, NULL, 0),
(434, 'EN', 'PANKAJKUMAR@SIEMENS.COM', NULL, NULL, 0),
(435, 'EN', 'NATASHA.DUTTA@SIEMENS.COM', NULL, NULL, 0),
(436, 'EN', 'SARKAR.SAIKAT@SIEMENS.COM', NULL, NULL, 0),
(437, 'EN', 'DAKSHES.SUKHIA@SIEMENS.COM', NULL, NULL, 0),
(438, 'EN', 'BOOPATHI.M@SIEMENS.COM', NULL, NULL, 0),
(439, 'EN', 'VRUSHANK.SHAH@SIEMENS.COM', NULL, NULL, 0),
(440, 'EN', 'JAIN.NISHANT@SIEMENS.COM', NULL, NULL, 0),
(441, 'EN', 'PROSENJIT.MITRA@SIEMENS.COM', NULL, NULL, 0),
(442, 'EN', 'MEHAL.PATEL@SIEMENS.COM', NULL, NULL, 0),
(443, 'EN', 'MITUL.KAPADIA@SIEMENS.COM', NULL, NULL, 0),
(444, 'EN', 'PONNIVALAVAN.P@SIEMENS.COM', NULL, NULL, 0),
(445, 'EN', 'GANESH.GAWADA@SIEMENS.COM', NULL, NULL, 0),
(446, 'EN', 'RAMANATHAN.ULAGANATHAN@SIEMENS.COM', NULL, NULL, 0),
(447, 'EN', 'PRATHISH.T_M@SIEMENS.COM', NULL, NULL, 0),
(448, 'EN', 'SHAH.JIGNESH@SIEMENS.COM', NULL, NULL, 0),
(449, 'EN', 'ASHISH.SHISHODIA@SIEMENS.COM', NULL, NULL, 0),
(450, 'EN', 'DINESH.RAJAIAN@SIEMENS.COM', NULL, NULL, 0),
(451, 'EN', 'RAJAKUMAR.K@SIEMENS.COM', NULL, NULL, 0),
(452, 'EN', 'KUMAR.MANISH@SIEMENS.COM', NULL, NULL, 0),
(453, 'EN', 'HARISH.SONI@SIEMENS.COM', NULL, NULL, 0),
(454, 'EN', 'DHAWAL.SAMANT@SIEMENS.COM', NULL, NULL, 0),
(455, 'EN', 'CHAITANYA.PATANKAR@SIEMENS.COM', NULL, NULL, 0),
(456, 'EN', 'VIKASH_KUMAR.SINGH@SIEMENS.COM', NULL, NULL, 0),
(457, 'EN', 'MEGHA.MUKHERJEE@SIEMENS.COM', NULL, NULL, 0),
(458, 'EN', 'ROHIT.BHARDWAJ@SIEMENS.COM', NULL, NULL, 0),
(459, 'EN', 'HIMANSHU.KAUSHIK@SIEMENS.COM', NULL, NULL, 0),
(460, 'EN', 'BREEZEL.DAVID@SIEMENS.COM', NULL, NULL, 0),
(461, 'EN', 'SNEHA.SHETTY@SIEMENS.COM', NULL, NULL, 0),
(462, 'EN', 'HIREN.KAPASI@SIEMENS.COM', NULL, NULL, 0),
(463, 'EN', 'ASHVINI.NAIK@SIEMENS.COM', NULL, NULL, 0),
(464, 'EN', 'GOVIND.AVHAD@SIEMENS.COM', NULL, NULL, 0),
(465, 'EN', 'PRASAD.MARATHE@SIEMENS.COM', NULL, NULL, 0),
(466, 'EN', 'KALYAN.ROY@SIEMENS.COM', NULL, NULL, 0),
(467, 'EN', 'ANUP.VITHALANI@SIEMENS.COM', NULL, NULL, 0),
(468, 'EN', 'KUNAL.GUPTE@SIEMENS.COM', NULL, NULL, 0),
(469, 'EN', 'RATHEESH.RAJEEVAN@SIEMENS.COM', NULL, NULL, 0),
(470, 'EN', 'DHANANJAY.JADHAV@SIEMENS.COM', NULL, NULL, 0),
(471, 'EN', 'DEEPAK.TOSHNIWAL@SIEMENS.COM', NULL, NULL, 0),
(472, 'EN', 'GIRISH.V_NAIR@SIEMENS.COM', NULL, NULL, 0),
(473, 'EN', 'KULKARNI.SHRIDHAR@SIEMENS.COM', NULL, NULL, 0),
(474, 'EN', 'MANOJ.THAKOR@SIEMENS.COM', NULL, NULL, 0),
(475, 'EN', 'SUSHILKUMAR.PATIL@SIEMENS.COM', NULL, NULL, 0),
(476, 'EN', 'VIDYA.PATIL@SIEMENS.COM', NULL, NULL, 0),
(477, 'EN', 'AGRAWAL.NEERAJ@SIEMENS.COM', NULL, NULL, 0),
(478, 'EN', 'ARPIT.AGARWAL@SIEMENS.COM', NULL, NULL, 0),
(479, 'EN', 'VINAYKUMAR@SIEMENS.COM', NULL, NULL, 0),
(480, 'EN', 'RABINDRA.SAHA@SIEMENS.COM', NULL, NULL, 0),
(481, 'EN', 'JITENDRA.CHOUDHARY@SIEMENS.COM', NULL, NULL, 0),
(482, 'EN', 'CHETAN.YADAV@SIEMENS.COM', NULL, NULL, 0),
(483, 'EN', 'GITESH.DUKHANDE@SIEMENS.COM', NULL, NULL, 0),
(484, 'EN', 'ASHWINKUMAR.INAMDAR@SIEMENS.COM', NULL, NULL, 0),
(485, 'EN', 'RAJESH.NAIDU@SIEMENS.COM', NULL, NULL, 0),
(486, 'EN', 'SONI.SACHIN@SIEMENS.COM', NULL, NULL, 0),
(487, 'EN', 'RAGHURAJ.BISEN@SIEMENS.COM', NULL, NULL, 0),
(488, 'EN', 'SACHIN.MANKUMBRE@SIEMENS.COM', NULL, NULL, 0),
(489, 'EN', 'NARESH.VERMA@SIEMENS.COM', NULL, NULL, 0),
(490, 'EN', 'PANDEY.ABHISHEK@SIEMENS.COM', NULL, NULL, 0),
(491, 'EN', 'SANDESH.SALKE@SIEMENS.COM', NULL, NULL, 0),
(492, 'EN', 'AMOL.AHIRRAO@SIEMENS.COM', NULL, NULL, 0),
(493, 'EN', 'VIKRAM.PATADE@SIEMENS.COM', NULL, NULL, 0),
(494, 'EN', 'YOGITA.HALDIVE@SIEMENS.COM', NULL, NULL, 0),
(495, 'EN', 'PATHAK.AMIT@SIEMENS.COM', NULL, NULL, 0),
(496, 'EN', 'B.SARAVANAN@SIEMENS.COM', NULL, NULL, 0),
(497, 'EN', 'JADHAV.GAJANAN@SIEMENS.COM', NULL, NULL, 0),
(498, 'EN', 'ASHIS.GUHA@SIEMENS.COM', NULL, NULL, 0),
(499, 'EN', 'AROKIARAJ.D@SIEMENS.COM', NULL, NULL, 0),
(500, 'EN', 'AMRITA.SINGH@SIEMENS.COM', NULL, NULL, 0),
(501, 'EN', 'SIVAKUMARAN.AD@SIEMENS.COM', NULL, NULL, 0),
(502, 'EN', 'VARUN.AGGARWAL@SIEMENS.COM', NULL, NULL, 0),
(503, 'EN', 'HARSHAD.NERURKAR@SIEMENS.COM', NULL, NULL, 0),
(504, 'EN', 'GOPALAKRISHNAN.SHANMUGAM@SIEMENS.COM', NULL, NULL, 0),
(505, 'EN', 'PRAVIN.DESHBHRATAR@SIEMENS.COM', NULL, NULL, 0),
(506, 'EN', 'ROMIT.CHHABRA@SIEMENS.COM', NULL, NULL, 0),
(507, 'EN', 'JITEN.KATIRA@SIEMENS.COM', NULL, NULL, 0),
(508, 'EN', 'AMEY.CHANDE@SIEMENS.COM', NULL, NULL, 0),
(509, 'EN', 'SONIYA.ADGAONKAR@SIEMENS.COM', NULL, NULL, 0),
(510, 'EN', 'SHREYAS.SAWANT@SIEMENS.COM', NULL, NULL, 0),
(511, 'EN', 'AKASH.BHANUSHALI@SIEMENS.COM', NULL, NULL, 0),
(512, 'EN', 'SACHIN.KULKARNI@SIEMENS.COM', NULL, NULL, 0),
(513, 'EN', 'SAVITRI.GHADIGAONKAR@SIEMENS.COM', NULL, NULL, 0),
(514, 'EN', 'SHILPA.SHIRGAONKAR@SIEMENS.COM', NULL, NULL, 0),
(515, 'EN', 'MGGUPTA@SIEMENS.COM', NULL, NULL, 0),
(516, 'EN', 'SHANMUGA.V@SIEMENS.COM', NULL, NULL, 0),
(517, 'EN', 'RUSHIKESH.SARANG@SIEMENS.COM', NULL, NULL, 0),
(518, 'EN', 'SNEHALKUMAR.VATKAR@SIEMENS.COM', NULL, NULL, 0),
(519, 'EN', 'VINAY.MITTAL@SIEMENS.COM', NULL, NULL, 0),
(520, 'EN', 'VARUN.BHARDWAJ@SIEMENS.COM', NULL, NULL, 0),
(521, 'EN', 'MANOJ.CHABLANI@SIEMENS.COM', NULL, NULL, 0),
(522, 'EN', 'JEBARAJ.ANTONY@SIEMENS.COM', NULL, NULL, 0),
(523, 'EN', 'ANUP.ABHYANKAR@SIEMENS.COM', NULL, NULL, 0),
(524, 'EN', 'ASHOK.BAROT@SIEMENS.COM', NULL, NULL, 0),
(525, 'EN', 'ASHISH.VAGHELA@SIEMENS.COM', NULL, NULL, 0),
(526, 'EN', 'SAYALI.WAGH@SIEMENS.COM', NULL, NULL, 0),
(527, 'EN', 'VIVEK.AYARE@SIEMENS.COM', NULL, NULL, 0),
(528, 'EN', 'DIPAK.PATIL@SIEMENS.COM', NULL, NULL, 0),
(529, 'EN', 'PUNEET.HATE@SIEMENS.COM', NULL, NULL, 0),
(530, 'EN', 'VIBHA.GAJBHIYE@SIEMENS.COM', NULL, NULL, 0),
(531, 'EN', 'AMOL.YELEGAONKAR@SIEMENS.COM', NULL, NULL, 0),
(532, 'EN', 'SURABHI.BAPAT@SIEMENS.COM', NULL, NULL, 0),
(533, 'EN', 'SHINDE.RUPESH@SIEMENS.COM', NULL, NULL, 0),
(534, 'EN', 'CHANDRA.NEGI@SIEMENS.COM', NULL, NULL, 0),
(535, 'EN', 'MAITREYEE.CHAVAN@SIEMENS.COM', NULL, NULL, 0),
(536, 'EN', 'PATEL.TEJAS@SIEMENS.COM', NULL, NULL, 0),
(537, 'EN', 'TANMAY.PATEL@SIEMENS.COM', NULL, NULL, 0),
(538, 'EN', 'AVINASH.MATHUR@SIEMENS.COM', NULL, NULL, 0),
(539, 'EN', 'MUZAFFER.SAYYED@SIEMENS.COM', NULL, NULL, 0),
(540, 'EN', 'SAURABH.THOSAR@SIEMENS.COM', NULL, NULL, 0),
(541, 'EN', 'SUDHA.VASA@SIEMENS.COM', NULL, NULL, 0),
(542, 'EN', 'SINGH.DHARMENDRA@SIEMENS.COM', NULL, NULL, 0),
(543, 'EN', 'MUKUND.GHUMARA@SIEMENS.COM', NULL, NULL, 0),
(544, 'EN', 'VIMALANATHAN.R@SIEMENS.COM', NULL, NULL, 0),
(545, 'EN', 'VEENA.SHERE@SIEMENS.COM', NULL, NULL, 0),
(546, 'EN', 'KRISHNENDU.BURMAN@SIEMENS.COM', NULL, NULL, 0),
(547, 'EN', 'DHANANJAY.THORAT@SIEMENS.COM', NULL, NULL, 0),
(548, 'EN', 'RITU.MALHOTRA@SIEMENS.COM', NULL, NULL, 0),
(549, 'EN', 'SUSHIL.DUBEY@SIEMENS.COM', NULL, NULL, 0),
(550, 'EN', 'ROHIT.MISHRA@SIEMENS.COM', NULL, NULL, 0),
(551, 'EN', 'ANKITSINGH@SIEMENS.COM', NULL, NULL, 0),
(552, 'EN', 'PARAS.PURI@SIEMENS.COM', NULL, NULL, 0),
(553, 'EN', 'SHEETAL.PARALIKAR@SIEMENS.COM', NULL, NULL, 0),
(554, 'EN', 'SAHADEV.GOBADE@SIEMENS.COM', NULL, NULL, 0),
(555, 'EN', 'SHRINIWAS.PADHY@SIEMENS.COM', NULL, NULL, 0),
(556, 'EN', 'CHARLOTTE.PEREIRA@SIEMENS.COM', NULL, NULL, 0),
(557, 'EN', 'JITHIN.JACOB@SIEMENS.COM', NULL, NULL, 0),
(558, 'EN', 'SINU.MOOSA@SIEMENS.COM', NULL, NULL, 0),
(559, 'EN', 'STUTI.NEMANI@SIEMENS.COM', NULL, NULL, 0),
(560, 'EN', 'CHETAN.VERMA@SIEMENS.COM', NULL, NULL, 0),
(561, 'EN', 'RANJEET.BACHATE@SIEMENS.COM', NULL, NULL, 0),
(562, 'EN', 'ALI.SYED@SIEMENS.COM', NULL, NULL, 0),
(563, 'EN', 'RVBSAYEE@SIEMENS.COM', NULL, NULL, 0),
(564, 'EN', 'VINAYKULKARNI@SIEMENS.COM', NULL, NULL, 0),
(565, 'EN', 'KUMAR.PREM@SIEMENS.COM', NULL, NULL, 0),
(566, 'EN', 'SAMPATH.HEGDE@SIEMENS.COM', NULL, NULL, 0),
(567, 'EN', 'MEGHNA.BHOOTA@SIEMENS.COM', NULL, NULL, 0),
(568, 'EN', 'RAVINDRA.PATIL@SIEMENS.COM', NULL, NULL, 0),
(569, 'EN', 'AMARENDRA.YADWAD@SIEMENS.COM', NULL, NULL, 0),
(570, 'EN', 'BHUSHAN.WEGAD@SIEMENS.COM', NULL, NULL, 0),
(571, 'EN', 'SUBODH.BANSOD@SIEMENS.COM', NULL, NULL, 0),
(572, 'EN', 'DATTATRAY.KATKAR@SIEMENS.COM', NULL, NULL, 0),
(573, 'EN', 'FAISAL.THAKUR@SIEMENS.COM', NULL, NULL, 0),
(574, 'EN', 'PRASHANT.KOTHAVALE@SIEMENS.COM', NULL, NULL, 0),
(575, 'EN', 'DEEPAK.NAYAK@SIEMENS.COM', NULL, NULL, 0),
(576, 'EN', 'ASHWANI.SONI@SIEMENS.COM', NULL, NULL, 0),
(577, 'EN', 'SIVASANKAR.PAYASAM@SIEMENS.COM', NULL, NULL, 0),
(578, 'EN', 'RAVICHANDRAN.PARASURAMAN@SIEMENS.COM', NULL, NULL, 0),
(579, 'EN', 'CHANDRAKANT.SAHU@SIEMENS.COM', NULL, NULL, 0),
(580, 'EN', 'BABAN.BHURIYA@SIEMENS.COM', NULL, NULL, 0),
(581, 'EN', 'MADHUKAR.SHENOY@SIEMENS.COM', NULL, NULL, 0),
(582, 'EN', 'OMKAR.PAWAR@SIEMENS.COM', NULL, NULL, 0),
(583, 'EN', 'RAHUL.NALGE@SIEMENS.COM', NULL, NULL, 0),
(584, 'EN', 'SANDIP.PACHAPURKAR@SIEMENS.COM', NULL, NULL, 0),
(585, 'EN', 'ANVESH.MISHRA@SIEMENS.COM', NULL, NULL, 0),
(586, 'EN', 'AAROHI.PADTE@SIEMENS.COM', NULL, NULL, 0),
(587, 'EN', 'BHUSHAN.PATIL@SIEMENS.COM', NULL, NULL, 0),
(588, 'EN', 'ANUJ.SINGH@SIEMENS.COM', NULL, NULL, 0),
(589, 'EN', 'VED.PRAKASH@SIEMENS.COM', NULL, NULL, 0),
(590, 'EN', 'SANTOSH.P@SIEMENS.COM', NULL, NULL, 0),
(591, 'EN', 'JAISON.KOSHY@SIEMENS.COM', NULL, NULL, 0),
(592, 'EN', 'NIRAV.DESAI@SIEMENS.COM', NULL, NULL, 0),
(593, 'EN', 'LIJISH.NEELAKANTAN@SIEMENS.COM', NULL, NULL, 0),
(594, 'EN', 'UMESH.PANDEY@SIEMENS.COM', NULL, NULL, 0),
(595, 'EN', 'SHARMA.PS@SIEMENS.COM', NULL, NULL, 0),
(596, 'EN', 'SUMIT.BARUAH@SIEMENS.COM', NULL, NULL, 0),
(597, 'EN', 'MAHESHM@SIEMENS.COM', NULL, NULL, 0),
(598, 'EN', 'HARSH.CHINCHOLKAR@SIEMENS.COM', NULL, NULL, 0),
(599, 'EN', 'PIYUSH.AGGARWAL@SIEMENS.COM', NULL, NULL, 0),
(600, 'EN', 'UDAY.S@SIEMENS.COM', NULL, NULL, 0),
(601, 'EN', 'ANOOP.GAUR@SIEMENS.COM', NULL, NULL, 0),
(602, 'EN', 'RAMESH.G@SIEMENS.COM', NULL, NULL, 0),
(603, 'EN', 'BHADAURIA.AMIT@SIEMENS.COM', NULL, NULL, 0),
(604, 'EN', 'RAMASWAMY.PICHAI@SIEMENS.COM', NULL, NULL, 0),
(605, 'EN', 'RAHUL.MAKDE@SIEMENS.COM', NULL, NULL, 0),
(606, 'EN', 'ANSHUL.SHUKLA@SIEMENS.COM', NULL, NULL, 0),
(607, 'EN', 'SHYAMAL.BHATTACHARYYA@SIEMENS.COM', NULL, NULL, 0),
(608, 'EN', 'GUNASELVAN.V@SIEMENS.COM', NULL, NULL, 0),
(609, 'EN', 'SUKRUT.GADGIL@SIEMENS.COM', NULL, NULL, 0),
(610, 'EN', 'RAJESHK@SIEMENS.COM', NULL, NULL, 0),
(611, 'EN', 'NILADRI.BANERJEE@SIEMENS.COM', NULL, NULL, 0),
(612, 'EN', 'KUMAR.SHAILESH@SIEMENS.COM', NULL, NULL, 0),
(613, 'EN', 'ABHIJIT.PATIL@SIEMENS.COM', NULL, NULL, 0),
(614, 'EN', 'BHAVESH.SAVALIYA@SIEMENS.COM', NULL, NULL, 0),
(615, 'EN', 'SUMIT.RANA@SIEMENS.COM', NULL, NULL, 0),
(616, 'EN', 'SIVASAMY.N@SIEMENS.COM', NULL, NULL, 0),
(617, 'EN', 'KIRAN.REDDY@SIEMENS.COM', NULL, NULL, 0),
(618, 'EN', 'JEYANTH.J@SIEMENS.COM', NULL, NULL, 0),
(619, 'EN', 'VIBHOR.MEHTA@SIEMENS.COM', NULL, NULL, 0),
(620, 'EN', 'MANISHA.PRIYADARSHINI@SIEMENS.COM', NULL, NULL, 0),
(621, 'EN', 'PROSUN.CHATTERJEE@SIEMENS.COM', NULL, NULL, 0),
(622, 'EN', 'SHRIKANT.KALE@SIEMENS.COM', NULL, NULL, 0),
(623, 'EN', 'SOWMYA.CHIRRAVURI@SIEMENS.COM', NULL, NULL, 0),
(624, 'EN', 'CHETAN.BHATT@SIEMENS.COM', NULL, NULL, 0),
(625, 'EN', 'HOSHANG.BHATHENA@SIEMENS.COM', NULL, NULL, 0),
(626, 'EN', 'PRATIK.PRABHU@SIEMENS.COM', NULL, NULL, 0),
(627, 'EN', 'ADITYA.ACHAREKAR@SIEMENS.COM', NULL, NULL, 0),
(628, 'EN', 'ROHIT.MUKHERJEE@SIEMENS.COM', NULL, NULL, 0),
(629, 'EN', 'VENKATA.SOLLETI@SIEMENS.COM', NULL, NULL, 0),
(630, 'EN', 'GAURAV.MATE@SIEMENS.COM', NULL, NULL, 0),
(631, 'EN', 'AKIF.QADEER@SIEMENS.COM', NULL, NULL, 0),
(632, 'EN', 'SUNNY.MANCHANDA@SIEMENS.COM', NULL, NULL, 0),
(633, 'EN', 'KALPESHKUMAR.DARJI@SIEMENS.COM', NULL, NULL, 0),
(634, 'EN', 'PUSHPRAJ.MANDAL@SIEMENS.COM', NULL, NULL, 0),
(635, 'EN', 'AMIT.DESAI@SIEMENS.COM', NULL, NULL, 0),
(636, 'EN', 'MANDAR.SANSARE@SIEMENS.COM', NULL, NULL, 0),
(637, 'EN', 'BALAJI.SAKTHIVEL@SIEMENS.COM', NULL, NULL, 0),
(638, 'EN', 'OMKAR.TIWARI@SIEMENS.COM', NULL, NULL, 0),
(639, 'EN', 'SYED.IMTIYAZ@SIEMENS.COM', NULL, NULL, 0),
(640, 'EN', 'KAUSTABH.BORAH@SIEMENS.COM', NULL, NULL, 0),
(641, 'EN', 'KARTHIC.VIJAYAN@SIEMENS.COM', NULL, NULL, 0),
(642, 'EN', 'ASHWINI.SHETYAM@SIEMENS.COM', NULL, NULL, 0),
(643, 'EN', 'SUDHIR.THAKUR@SIEMENS.COM', NULL, NULL, 0),
(644, 'EN', 'SAMEET.SARAF@SIEMENS.COM', NULL, NULL, 0),
(645, 'EN', 'PRASSANNA.G@SIEMENS.COM', NULL, NULL, 0),
(646, 'EN', 'DHAVAL.BHEDA@SIEMENS.COM', NULL, NULL, 0),
(647, 'EN', 'IQBAL.KABIR@SIEMENS.COM', NULL, NULL, 0),
(648, 'EN', 'VIRAL.KACHHADIA@SIEMENS.COM', NULL, NULL, 0),
(649, 'EN', 'ABHINAV.BANSAL@SIEMENS.COM', NULL, NULL, 0),
(650, 'EN', 'MEET.KORADIA@SIEMENS.COM', NULL, NULL, 0),
(651, 'EN', 'ANKAN.MUKHERJEE@SIEMENS.COM', NULL, NULL, 0),
(652, 'EN', 'MADHUR.JAGDALE@SIEMENS.COM', NULL, NULL, 0),
(653, 'EN', 'ARUN.MADDU@SIEMENS.COM', NULL, NULL, 0),
(654, 'EN', 'BALAJI.L@SIEMENS.COM', NULL, NULL, 0),
(655, 'EN', 'APURVA.AKASH@SIEMENS.COM', NULL, NULL, 0),
(656, 'EN', 'SRIDHARS@SIEMENS.COM', NULL, NULL, 0),
(657, 'EN', 'ANKUR.MEHROTRA@SIEMENS.COM', NULL, NULL, 0),
(658, 'EN', 'ABHIJEET.CHITALE@SIEMENS.COM', NULL, NULL, 0),
(659, 'EN', 'VIKAS.RASTOGI@SIEMENS.COM', NULL, NULL, 0),
(660, 'EN', 'ANSHUL.LUTHRA@SIEMENS.COM', NULL, NULL, 0),
(661, 'EN', 'SHANTANU.RAUT@SIEMENS.COM', NULL, NULL, 0),
(662, 'EN', 'PRATIK.RAUL@SIEMENS.COM', NULL, NULL, 0),
(663, 'EN', 'KUNTAL.GANGULY@SIEMENS.COM', NULL, NULL, 0),
(664, 'EN', 'FRANCIS.JACOB@SIEMENS.COM', NULL, NULL, 0),
(665, 'EN', 'SHRADDHA.WADKE@SIEMENS.COM', NULL, NULL, 0),
(666, 'EN', 'KRUTIKA.BEDEKAR@SIEMENS.COM', NULL, NULL, 0),
(667, 'EN', 'BHAGYASHREE.MALWADKAR@SIEMENS.COM', NULL, NULL, 0),
(668, 'EN', 'PAUL.PUSHPARAJ@SIEMENS.COM', NULL, NULL, 0),
(669, 'EN', 'KOLLA.RAGHAVENDRA@SIEMENS.COM', NULL, NULL, 0),
(670, 'EN', 'TRILOCHAN.OJHA@SIEMENS.COM', NULL, NULL, 0),
(671, 'EN', 'SAWANT.SARVESH@SIEMENS.COM', NULL, NULL, 0),
(672, 'EN', 'VIPIN.MANIKKARA@SIEMENS.COM', NULL, NULL, 0),
(673, 'EN', 'RAJESH.SURVASE@SIEMENS.COM', NULL, NULL, 0),
(674, 'EN', 'SHOUVIK.MITRA@SIEMENS.COM', NULL, NULL, 0),
(675, 'EN', 'SATHYAJITH.S@SIEMENS.COM', NULL, NULL, 0),
(676, 'EN', 'SUKSHAM.JHA@SIEMENS.COM', NULL, NULL, 0),
(677, 'EN', 'MOHIT.KULKARNI@SIEMENS.COM', NULL, NULL, 0),
(678, 'EN', 'MURUGESH.S@SIEMENS.COM', NULL, NULL, 0),
(679, 'EN', 'VIKRAM.JADHAV@SIEMENS.COM', NULL, NULL, 0),
(680, 'EN', 'AVINASH.GONSALVES@SIEMENS.COM', NULL, NULL, 0),
(681, 'EN', 'VINAY.SINGH@SIEMENS.COM', NULL, NULL, 0),
(682, 'EN', 'SUNDAR.BABU@SIEMENS.COM', NULL, NULL, 0),
(683, 'EN', 'AJAY.PADALA@SIEMENS.COM', NULL, NULL, 0),
(684, 'EN', 'NOBIN.BABU@SIEMENS.COM', NULL, NULL, 0),
(685, 'EN', 'ARAVIND.MUNIRATHINAM@SIEMENS.COM', NULL, NULL, 0),
(686, 'EN', 'RAMASAGAR.KANDREGULA@SIEMENS.COM', NULL, NULL, 0),
(687, 'EN', 'SURAJ.BENNI@SIEMENS.COM', NULL, NULL, 0),
(688, 'EN', 'ASHISH.NARGOTRA@SIEMENS.COM', NULL, NULL, 0),
(689, 'EN', 'KUMAR.JYOTI@SIEMENS.COM', NULL, NULL, 0),
(690, 'EN', 'GANGESHWAR.G@SIEMENS.COM', NULL, NULL, 0),
(691, 'EN', 'ABHISHEK.MITTAL@SIEMENS.COM', NULL, NULL, 0),
(692, 'EN', 'SANKET.BORKAR@SIEMENS.COM', NULL, NULL, 0),
(693, 'EN', 'MAYANK.TIWARI@SIEMENS.COM', NULL, NULL, 0),
(694, 'EN', 'KARTHIK.M@SIEMENS.COM', NULL, NULL, 0),
(695, 'EN', 'AM.MISHRA@SIEMENS.COM', NULL, NULL, 0),
(696, 'EN', 'NAVANEETHA.KRISHNANS@SIEMENS.COM', NULL, NULL, 0),
(697, 'EN', 'PRANAV.RATHOD@SIEMENS.COM', NULL, NULL, 0),
(698, 'EN', 'R.PRADEEP@SIEMENS.COM', NULL, NULL, 0),
(699, 'EN', 'DEEPAK.SAKORE@SIEMENS.COM', NULL, NULL, 0),
(700, 'EN', 'BHUPENDRA.TARE@SIEMENS.COM', NULL, NULL, 0),
(701, 'EN', 'MAYUR.KULKARNI@SIEMENS.COM', NULL, NULL, 0),
(702, 'EN', 'SUKANTA.GHOSH@SIEMENS.COM', NULL, NULL, 0),
(703, 'EN', 'SWAPNIL.JAGTAP@SIEMENS.COM', NULL, NULL, 0),
(704, 'EN', 'AVINASHJADHAV@SIEMENS.COM', NULL, NULL, 0),
(705, 'EN', 'LEO.A@SIEMENS.COM', NULL, NULL, 0),
(706, 'EN', 'NEWTON.BHADRA@SIEMENS.COM', NULL, NULL, 0),
(707, 'EN', 'AFTAB.ALAM@SIEMENS.COM', NULL, NULL, 0),
(708, 'EN', 'ANBUGEETHAN.P@SIEMENS.COM', NULL, NULL, 0),
(709, 'EN', 'ROHIT-KUMAR@SIEMENS.COM', NULL, NULL, 0),
(710, 'EN', 'S.SANTHOSH@SIEMENS.COM', NULL, NULL, 0),
(711, 'EN', 'KAIRAV.MODI@SIEMENS.COM', NULL, NULL, 0),
(712, 'EN', 'GAURI.MENOKY@SIEMENS.COM', NULL, NULL, 0),
(713, 'EN', 'VIJAY.VALA@SIEMENS.COM', NULL, NULL, 0),
(714, 'EN', 'AMITAVA.MONDAL@SIEMENS.COM', NULL, NULL, 0),
(715, 'EN', 'SOUMITRA.DUTTA@SIEMENS.COM', NULL, NULL, 0),
(716, 'EN', 'NAGARAJ.RK@SIEMENS.COM', NULL, NULL, 0),
(717, 'EN', 'PRATIK.AGAWANE@SIEMENS.COM', NULL, NULL, 0),
(718, 'EN', 'TIWARI.MAYANK@SIEMENS.COM', NULL, NULL, 0),
(719, 'EN', 'SUDARSUN.R@SIEMENS.COM', NULL, NULL, 0),
(720, 'EN', 'VINAYAK.JADHAV@SIEMENS.COM', NULL, NULL, 0),
(721, 'EN', 'MOHANRAJ.G@SIEMENS.COM', NULL, NULL, 0),
(722, 'EN', 'RAASHID.SYED@SIEMENS.COM', NULL, NULL, 0),
(723, 'EN', 'ROSHAN.KUMAR@SIEMENS.COM', NULL, NULL, 0),
(724, 'EN', 'KRISHNA.TAYASHETE@SIEMENS.COM', NULL, NULL, 0),
(725, 'EN', 'PANKAJ.KAMDI@SIEMENS.COM', NULL, NULL, 0),
(726, 'EN', 'SOMNATH.MANNA@SIEMENS.COM', NULL, NULL, 0),
(727, 'EN', 'PHANIKRISHNA.MUKKU@SIEMENS.COM', NULL, NULL, 0),
(728, 'EN', 'BHAGYADEEP.KAHLON@SIEMENS.COM', NULL, NULL, 0),
(729, 'EN', 'PAVAN.TELUGU@SIEMENS.COM', NULL, NULL, 0),
(730, 'EN', 'FIROZ.GANDHI@SIEMENS.COM', NULL, NULL, 0),
(731, 'EN', 'SAHU.NITIN@SIEMENS.COM', NULL, NULL, 0),
(732, 'EN', 'HIMADRI.DAS@SIEMENS.COM', NULL, NULL, 0),
(733, 'EN', 'SANJAY.TOGADIYA@SIEMENS.COM', NULL, NULL, 0),
(734, 'EN', 'PRAJYOT.REDEKAR@SIEMENS.COM', NULL, NULL, 0),
(735, 'EN', 'RAHUL.APTE@SIEMENS.COM', NULL, NULL, 0),
(736, 'EN', 'RSSHARMA@SIEMENS.COM', NULL, NULL, 0),
(737, 'EN', 'RAGHAVENDRA.GK@SIEMENS.COM', NULL, NULL, 0),
(738, 'EN', 'ARGHADIP.PODDAR@SIEMENS.COM', NULL, NULL, 0),
(739, 'EN', 'MANAN.MAHESHWARI@SIEMENS.COM', NULL, NULL, 0),
(740, 'EN', 'ASHISH.AG.GUPTA@SIEMENS.COM', NULL, NULL, 0),
(741, 'EN', 'VINEET.SHARMA@SIEMENS.COM', NULL, NULL, 0),
(742, 'EN', 'AJAY.SWARNKAR@SIEMENS.COM', NULL, NULL, 0),
(743, 'EN', 'AMIT.DHAVADE@SIEMENS.COM', NULL, NULL, 0),
(744, 'EN', 'PRASHANT.VATS@SIEMENS.COM', NULL, NULL, 0),
(745, 'EN', 'MANSI.MORE@SIEMENS.COM', NULL, NULL, 0),
(746, 'EN', 'CHANDRASEKAR.V@SIEMENS.COM', NULL, NULL, 0),
(747, 'EN', 'MAYANK.AGRAWAL@SIEMENS.COM', NULL, NULL, 0),
(748, 'EN', 'VISHAL.VANARSE@SIEMENS.COM', NULL, NULL, 0),
(749, 'EN', 'SUSHOVAN.DAS@SIEMENS.COM', NULL, NULL, 0),
(750, 'EN', 'PARAG.DHERANGE@SIEMENS.COM', NULL, NULL, 0),
(751, 'EN', 'KULKARNI.SANTOSH@SIEMENS.COM', NULL, NULL, 0),
(752, 'EN', 'KIRAN.KAGE@SIEMENS.COM', NULL, NULL, 0),
(753, 'EN', 'VINAYAK.RAJGURU@SIEMENS.COM', NULL, NULL, 0),
(754, 'EN', 'ANANDHKUMAR.S@SIEMENS.COM', NULL, NULL, 0),
(755, 'EN', 'NAVENDRA.SINGH@SIEMENS.COM', NULL, NULL, 0),
(756, 'EN', 'HARSHALPATIL@SIEMENS.COM', NULL, NULL, 0),
(757, 'EN', 'BASAVRAJ.BIRADAR@SIEMENS.COM', NULL, NULL, 0),
(758, 'EN', 'SREVATSEN.S@SIEMENS.COM', NULL, NULL, 0),
(759, 'EN', 'SURESH.YADAV@SIEMENS.COM', NULL, NULL, 0),
(760, 'EN', 'SIDDU.MAREGUDDI@SIEMENS.COM', NULL, NULL, 0),
(761, 'EN', 'PRAGNESH.PATEL@SIEMENS.COM', NULL, NULL, 0),
(762, 'EN', 'MALHAR.KULKARNI@SIEMENS.COM', NULL, NULL, 0),
(763, 'EN', 'SIDDHESH.PAWAR@SIEMENS.COM', NULL, NULL, 0),
(764, 'EN', 'ROHIT.KOLPEKWAR@SIEMENS.COM', NULL, NULL, 0),
(765, 'EN', 'G.VINOD@SIEMENS.COM', NULL, NULL, 0),
(766, 'EN', 'SUMANTA.BHATTACHARYA@SIEMENS.COM', NULL, NULL, 0),
(767, 'EN', 'PARTHIBAN.V@SIEMENS.COM', NULL, NULL, 0),
(768, 'EN', 'KULKARNI.TUSHAR@SIEMENS.COM', NULL, NULL, 0),
(769, 'EN', 'VISHAL.RAMANI@SIEMENS.COM', NULL, NULL, 0),
(770, 'EN', 'PRASAD.HADAWALE@SIEMENS.COM', NULL, NULL, 0),
(771, 'EN', 'DIVYA.M@SIEMENS.COM', NULL, NULL, 0),
(772, 'EN', 'PANKAJ.SAKPAL@SIEMENS.COM', NULL, NULL, 0),
(773, 'EN', 'KAMALKUMAR.GEVARIYA@SIEMENS.COM', NULL, NULL, 0),
(774, 'EN', 'ROHIT.PAWAR@SIEMENS.COM', NULL, NULL, 0),
(775, 'EN', 'DEBADIP.BASU@SIEMENS.COM', NULL, NULL, 0),
(776, 'EN', 'ROHITH.N@SIEMENS.COM', NULL, NULL, 0),
(777, 'EN', 'ESWARAMOORTHY.C@SIEMENS.COM', NULL, NULL, 0),
(778, 'EN', 'RAVISINGH@SIEMENS.COM', NULL, NULL, 0),
(779, 'EN', 'RUHI.KHAN@SIEMENS.COM', NULL, NULL, 0),
(780, 'EN', 'BALKRUSHNA.NIVATKAR@SIEMENS.COM', NULL, NULL, 0),
(781, 'EN', 'SOUMYA.CHATTERJEE@SIEMENS.COM', NULL, NULL, 0),
(782, 'EN', 'KUMARPRADEEP@SIEMENS.COM', NULL, NULL, 0),
(783, 'EN', 'SANDEEP.DEVADIGA@SIEMENS.COM', NULL, NULL, 0),
(784, 'EN', 'SINGHRAVINDER@SIEMENS.COM', NULL, NULL, 0),
(785, 'EN', 'ANIRUDDHA.KELKAR@SIEMENS.COM', NULL, NULL, 0),
(786, 'EN', 'YOGESHKUMAR.PRAJAPATI@SIEMENS.COM', NULL, NULL, 0),
(787, 'EN', 'SANJAY.CHOUBEY@SIEMENS.COM', NULL, NULL, 0),
(788, 'EN', 'MALINI.MITRA@SIEMENS.COM', NULL, NULL, 0),
(789, 'EN', 'SWANAND.NADGAUNDI@SIEMENS.COM', NULL, NULL, 0),
(790, 'EN', 'RATNADEEP.CHAUGULE@SIEMENS.COM', NULL, NULL, 0),
(791, 'EN', 'VINAYA.W@SIEMENS.COM', NULL, NULL, 0),
(792, 'EN', 'SRIGURUPRASATH.V@SIEMENS.COM', NULL, NULL, 0),
(793, 'EN', 'DEEKSHA.SHETTY@SIEMENS.COM', NULL, NULL, 0),
(794, 'EN', 'BHAVESHKUMAR.JHA@SIEMENS.COM', NULL, NULL, 0),
(795, 'EN', 'JEEVA.C@SIEMENS.COM', NULL, NULL, 0),
(796, 'EN', 'RAJ.RANE@SIEMENS.COM', NULL, NULL, 0),
(797, 'EN', 'MAYURKUMAR.RANIPA@SIEMENS.COM', NULL, NULL, 0),
(798, 'EN', 'SANDESH.C@SIEMENS.COM', NULL, NULL, 0),
(799, 'EN', 'SWAPNA.DESHPANDE@SIEMENS.COM', NULL, NULL, 0),
(800, 'EN', 'RAJESH.K@SIEMENS.COM', NULL, NULL, 0),
(801, 'EN', 'SAURAV.KUNDU@SIEMENS.COM', NULL, NULL, 0),
(802, 'EN', 'BHUPENDRA.BHANUSHALI@SIEMENS.COM', NULL, NULL, 0),
(803, 'EN', 'RAHUL.MISHRA@SIEMENS.COM', NULL, NULL, 0),
(804, 'EN', 'PARIMAL.GADGIL@SIEMENS.COM', NULL, NULL, 0),
(805, 'EN', 'VINAYKUMAR.SHARMA@SIEMENS.COM', NULL, NULL, 0),
(806, 'EN', 'MANTRI.SUDARSHAN@SIEMENS.COM', NULL, NULL, 0),
(807, 'EN', 'CHAYAN.DANDRIYAL@SIEMENS.COM', NULL, NULL, 0),
(808, 'EN', 'SAGAR.MAHAJAN@SIEMENS.COM', NULL, NULL, 0),
(809, 'EN', 'KOLAPPAN.C@SIEMENS.COM', NULL, NULL, 0),
(810, 'EN', 'MUKHTAR.KHAN@SIEMENS.COM', NULL, NULL, 0),
(811, 'EN', 'BIPIN.SINGH@SIEMENS.COM', NULL, NULL, 0),
(812, 'EN', 'NARESHKUMAR.R@SIEMENS.COM', NULL, NULL, 0),
(813, 'EN', 'CHAITANYA.BORKAR@SIEMENS.COM', NULL, NULL, 0),
(814, 'EN', 'ALEESHA.FERNANDES@SIEMENS.COM', NULL, NULL, 0),
(815, 'EN', 'POOJA.SHETTY@SIEMENS.COM', NULL, NULL, 0),
(816, 'EN', 'PRATHIKSHA.SHETTY@SIEMENS.COM', NULL, NULL, 0),
(817, 'EN', 'VIJAY.GOYAL@SIEMENS.COM', NULL, NULL, 0),
(818, 'EN', 'MUKESH.CHAUDHARI@SIEMENS.COM', NULL, NULL, 0),
(819, 'EN', 'PRASHANTH.KARANTH@SIEMENS.COM', NULL, NULL, 0),
(820, 'EN', 'MILIND.GHANEKAR@SIEMENS.COM', NULL, NULL, 0),
(821, 'EN', 'HEMANT.LIA@SIEMENS.COM', NULL, NULL, 0),
(822, 'EN', 'BHAVIN.PAREKH@SIEMENS.COM', NULL, NULL, 0),
(823, 'EN', 'AJIT.KADAM@SIEMENS.COM', NULL, NULL, 0),
(824, 'EN', 'RAJESH.DAS@SIEMENS.COM', NULL, NULL, 0),
(825, 'EN', 'TRIPATHI.GAURAV@SIEMENS.COM', NULL, NULL, 0),
(826, 'EN', 'PRASANTH.M@SIEMENS.COM', NULL, NULL, 0),
(827, 'EN', 'PRASAD.RAMANE@SIEMENS.COM', NULL, NULL, 0),
(828, 'EN', 'PRANAV.SADHALE@SIEMENS.COM', NULL, NULL, 0),
(829, 'EN', 'MAHENDRA.KANE@SIEMENS.COM', NULL, NULL, 0),
(830, 'EN', 'MAHESH.KATAKDHOND@SIEMENS.COM', NULL, NULL, 0),
(831, 'EN', 'PABITRA.METYA@SIEMENS.COM', NULL, NULL, 0),
(832, 'EN', 'GOWTHAM.PALA@SIEMENS.COM', NULL, NULL, 0),
(833, 'EN', 'RAKESH.RAO@SIEMENS.COM', NULL, NULL, 0),
(834, 'EN', 'KUNAL.HAJRA@SIEMENS.COM', NULL, NULL, 0),
(835, 'EN', 'AMAR.RANE@SIEMENS.COM', NULL, NULL, 0),
(836, 'EN', 'LAKSHMISHA.K@SIEMENS.COM', NULL, NULL, 0),
(837, 'EN', 'RAJENDRA.MITRA@SIEMENS.COM', NULL, NULL, 0),
(838, 'EN', 'MILAN.PATEL@SIEMENS.COM', NULL, NULL, 0),
(839, 'EN', 'NIRAVSHAH@SIEMENS.COM', NULL, NULL, 0),
(840, 'EN', 'JATIN.SOOD@SIEMENS.COM', NULL, NULL, 0),
(841, 'EN', 'PRASAD.KHARCHE@SIEMENS.COM', NULL, NULL, 0),
(842, 'EN', 'YADAV.TEJAS@SIEMENS.COM', NULL, NULL, 0),
(843, 'EN', 'SUMAN.BISWAS@SIEMENS.COM', NULL, NULL, 0),
(844, 'EN', 'PRATYUSH.SHARMA@SIEMENS.COM', NULL, NULL, 0),
(845, 'EN', 'DARSHANA.SAKPAL@SIEMENS.COM', NULL, NULL, 0),
(846, 'EN', 'MANISH.RAWAL@SIEMENS.COM', NULL, NULL, 0),
(847, 'EN', 'VIVEK.SAKINALA@SIEMENS.COM', NULL, NULL, 0),
(848, 'EN', 'SANDIP.DE@SIEMENS.COM', NULL, NULL, 0),
(849, 'EN', 'CHANDRIKA.PINNEPALLI@SIEMENS.COM', NULL, NULL, 0),
(850, 'EN', 'PRAVIN.SUTAR@SIEMENS.COM', NULL, NULL, 0),
(851, 'EN', 'RISHABH.TANWAR@SIEMENS.COM', NULL, NULL, 0),
(852, 'EN', 'DISHA.MAKKAR@SIEMENS.COM', NULL, NULL, 0),
(853, 'EN', 'ESHAN.KAPOOR@SIEMENS.COM', NULL, NULL, 0),
(854, 'EN', 'HIMANI.KASHYAP@SIEMENS.COM', NULL, NULL, 0),
(855, 'EN', 'PRASHANT.KASHYAP@SIEMENS.COM', NULL, NULL, 0),
(856, 'EN', 'PRIHAM.DUTTA@SIEMENS.COM', NULL, NULL, 0),
(857, 'EN', 'NIRANJAN.BARVE@SIEMENS.COM', NULL, NULL, 0),
(858, 'EN', 'MOHITE.SANDEEP@SIEMENS.COM', NULL, NULL, 0),
(859, 'EN', 'SOUMAVA.MUKHOPADHYAY@SIEMENS.COM', NULL, NULL, 0),
(860, 'EN', 'ANIRUDH.PAWAR@SIEMENS.COM', NULL, NULL, 0),
(861, 'EN', 'SRIDHARBABU.K@SIEMENS.COM', NULL, NULL, 0),
(862, 'EN', 'SHETE.ANKITA@SIEMENS.COM', NULL, NULL, 0),
(863, 'EN', 'SOUVIK.BHATTACHARJEE@SIEMENS.COM', NULL, NULL, 0),
(864, 'EN', 'RITESH.RAKA@SIEMENS.COM', NULL, NULL, 0),
(865, 'EN', 'JADHAV.ROHIT@SIEMENS.COM', NULL, NULL, 0),
(866, 'EN', 'KOUSTUBH.SHELGAONKAR@SIEMENS.COM', NULL, NULL, 0),
(867, 'EN', 'GIRISH.PANDEY@SIEMENS.COM', NULL, NULL, 0),
(868, 'EN', 'VIJAY.JADHAV@SIEMENS.COM', NULL, NULL, 0),
(869, 'EN', 'ADITYA.SHAH@SIEMENS.COM', NULL, NULL, 0),
(870, 'EN', 'SWAR.PANDYA@SIEMENS.COM', NULL, NULL, 0),
(871, 'EN', 'HAREESH.VAIDYA@SIEMENS.COM', NULL, NULL, 0),
(872, 'EN', 'RAJENDRA.KABRA@SIEMENS.COM', NULL, NULL, 0),
(873, 'EN', 'IRIS.DSOUZA@SIEMENS.COM', NULL, NULL, 0),
(874, 'EN', 'KUMARDEEPAK@SIEMENS.COM', NULL, NULL, 0),
(875, 'EN', 'NILESH.JADHAV1@SIEMENS.COM', NULL, NULL, 0),
(876, 'EN', 'ANKIT.CHAMOLI@SIEMENS.COM', NULL, NULL, 0),
(877, 'EN', 'MANDAR.THAKUR@SIEMENS.COM', NULL, NULL, 0),
(878, 'EN', 'MOHANRAJ.V@SIEMENS.COM', NULL, NULL, 0),
(879, 'EN', 'DEEPAK.MALHOTRA@SIEMENS.COM', NULL, NULL, 0),
(880, 'EN', 'SADANAND.GITE@SIEMENS.COM', NULL, NULL, 0),
(881, 'EN', 'PIYUSHKUMAR.PATEL@SIEMENS.COM', NULL, NULL, 0),
(882, 'EN', 'MOHIT.KASANA@SIEMENS.COM', NULL, NULL, 0),
(883, 'EN', 'JAINENDRA.MISHRA@SIEMENS.COM', NULL, NULL, 0),
(884, 'EN', 'SOMANATH.PATIL@SIEMENS.COM', NULL, NULL, 0);
INSERT INTO `tbl_users` (`id`, `emp_name`, `emp_code`, `login_date`, `logout_date`, `logout_status`) VALUES
(885, 'EN', 'MAYUR.GURULE@SIEMENS.COM', NULL, NULL, 0),
(886, 'EN', 'UMESH.GAWKAR@SIEMENS.COM', NULL, NULL, 0),
(887, 'EN', 'BHARATKUMAR.TRIPATHI@SIEMENS.COM', NULL, NULL, 0),
(888, 'EN', 'SUDHINDRA.SM@SIEMENS.COM', NULL, NULL, 0),
(889, 'EN', 'NIRAV.SUTHAR@SIEMENS.COM', NULL, NULL, 0),
(890, 'EN', 'PATEL.MEHUL@SIEMENS.COM', NULL, NULL, 0),
(891, 'EN', 'GANESAN.A@SIEMENS.COM', NULL, NULL, 0),
(892, 'EN', 'DHIRAJ.RAMTEKE@SIEMENS.COM', NULL, NULL, 0),
(893, 'EN', 'INDERPAL.SINGH@SIEMENS.COM', NULL, NULL, 0),
(894, 'EN', 'SARMA.MB@SIEMENS.COM', NULL, NULL, 0),
(895, 'EN', 'AMITKUMAR.SHARMA@SIEMENS.COM', NULL, NULL, 0),
(896, 'EN', 'JAGADISH.UKKALI@SIEMENS.COM', NULL, NULL, 0),
(897, 'EN', 'KETAN.WADEKAR@SIEMENS.COM', NULL, NULL, 0),
(898, 'EN', 'VITTHAL.MHATRE@SIEMENS.COM', NULL, NULL, 0),
(899, 'EN', 'LAKSHMIKANTH.BALLA@SIEMENS.COM', NULL, NULL, 0),
(900, 'EN', 'KARTHICK.M@SIEMENS.COM', NULL, NULL, 0),
(901, 'EN', 'NAGABHUSHAN.BHAT@SIEMENS.COM', NULL, NULL, 0),
(902, 'EN', 'RIYAZAHMED.CHOUDHARY@SIEMENS.COM', NULL, NULL, 0),
(903, 'EN', 'ATUL.TYAGI@SIEMENS.COM', NULL, NULL, 0),
(904, 'EN', 'SAROSH.MAROLY@SIEMENS.COM', NULL, NULL, 0),
(905, 'EN', 'ABHISEK.SIL@SIEMENS.COM', NULL, NULL, 0),
(906, 'EN', 'SAYONTONI.BANERJEE@SIEMENS.COM', NULL, NULL, 0),
(907, 'EN', 'MAYUR.NEHETE@SIEMENS.COM', NULL, NULL, 0),
(908, 'EN', 'POOJA.CHAVAN@SIEMENS.COM', NULL, NULL, 0),
(909, 'EN', 'DEEPSHIKHAR.SHUKLA@SIEMENS.COM', NULL, NULL, 0),
(910, 'EN', 'OMKAR.KENY@SIEMENS.COM', NULL, NULL, 0),
(911, 'EN', 'AHAMED.HARISH@SIEMENS.COM', NULL, NULL, 0),
(912, 'EN', 'MURUGESH.SAKTHIVEL@SIEMENS.COM', NULL, NULL, 0),
(913, 'EN', 'MADNI.SHAIKH@SIEMENS.COM', NULL, NULL, 0),
(914, 'EN', 'HINAL.THAKUR@SIEMENS.COM', NULL, NULL, 0),
(915, 'EN', 'ANSHUL.KECHE@SIEMENS.COM', NULL, NULL, 0),
(916, 'EN', 'SATISH.NAWALE@SIEMENS.COM', NULL, NULL, 0),
(917, 'EN', 'SAHENDER@SIEMENS.COM', NULL, NULL, 0),
(918, 'EN', 'SHASHANK.KUMAR@SIEMENS.COM', NULL, NULL, 0),
(919, 'EN', 'AKHIL.INTHA@SIEMENS.COM', NULL, NULL, 0),
(920, 'EN', 'AMAL.GEORGE@SIEMENS.COM', NULL, NULL, 0),
(921, 'EN', 'PRASAD.TEMGIRE@SIEMENS.COM', NULL, NULL, 0),
(922, 'EN', 'GUPTA.PRIYANKA@SIEMENS.COM', NULL, NULL, 0),
(923, 'EN', 'ANANYA.CHAKRABORTY@SIEMENS.COM', NULL, NULL, 0),
(924, 'EN', 'RANJITH.TAVVA@SIEMENS.COM', NULL, NULL, 0),
(925, 'EN', 'PRAKASHKUMAR.DARJI@SIEMENS.COM', NULL, NULL, 0),
(926, 'EN', 'BINIT.BHARDWAJ@SIEMENS.COM', NULL, NULL, 0),
(927, 'EN', 'SANDEEP.DAVE@SIEMENS.COM', NULL, NULL, 0),
(928, 'EN', 'KENDRE.PRADEEP@SIEMENS.COM', NULL, NULL, 0),
(929, 'EN', 'JIMIT.DOSHI@SIEMENS.COM', NULL, NULL, 0),
(930, 'EN', 'REMI.CHAKRABORTY@SIEMENS.COM', NULL, NULL, 0),
(931, 'EN', 'PATIL.VINAYAK@SIEMENS.COM', NULL, NULL, 0),
(932, 'EN', 'SRIKANTA.GHOSH@SIEMENS.COM', NULL, NULL, 0),
(933, 'EN', 'FARHAN.SIDDIQUI@SIEMENS.COM', NULL, NULL, 0),
(934, 'EN', 'VIKASH.SAHA@SIEMENS.COM', NULL, NULL, 0),
(935, 'EN', 'KUMAR.ASHOK@SIEMENS.COM', NULL, NULL, 0),
(936, 'EN', 'GAURISHANKAR.RAI@SIEMENS.COM', NULL, NULL, 0),
(937, 'EN', 'UTKARSHKUMAR.DARJI@SIEMENS.COM', NULL, NULL, 0),
(938, 'EN', 'KHAN.ADNAN@SIEMENS.COM', NULL, NULL, 0),
(939, 'EN', 'VARUN.KATHURIA@SIEMENS.COM', NULL, NULL, 0),
(940, 'EN', 'RHISITA.CHATTERJEE@SIEMENS.COM', NULL, NULL, 0),
(941, 'EN', 'SHASHIKANT.DESHMUKH@SIEMENS.COM', NULL, NULL, 0),
(942, 'EN', 'ODNEIL.MISQUITTA@SIEMENS.COM', NULL, NULL, 0),
(943, 'EN', 'MANISHKUMARPATEL@SIEMENS.COM', NULL, NULL, 0),
(944, 'EN', 'AMIT.SHARMA2@SIEMENS.COM', NULL, NULL, 0),
(945, 'EN', 'G.SATHISHKUMAR@SIEMENS.COM', NULL, NULL, 0),
(946, 'EN', 'SADASHIV.VANTAMURE@SIEMENS.COM', NULL, NULL, 0),
(947, 'EN', 'ARUNSUNDARAVEL.ANNADURAI@SIEMENS.COM', NULL, NULL, 0),
(948, 'EN', 'RAJENDRAA.DR@SIEMENS.COM', NULL, NULL, 0),
(949, 'EN', 'RAHUL.GHOGLE@SIEMENS.COM', NULL, NULL, 0),
(950, 'EN', 'SHAFI.D@SIEMENS.COM', NULL, NULL, 0),
(951, 'EN', 'ANAND.KAMBLE@SIEMENS.COM', NULL, NULL, 0),
(952, 'EN', 'NISHANT.YADAV@SIEMENS.COM', NULL, NULL, 0),
(953, 'EN', 'SAHIL.WALIMBE@SIEMENS.COM', NULL, NULL, 0),
(954, 'EN', 'KAUSHAL.JOSHI@SIEMENS.COM', NULL, NULL, 0),
(955, 'EN', 'AVIK.GHOSH@SIEMENS.COM', NULL, NULL, 0),
(956, 'EN', 'VASANTARAJ.R@SIEMENS.COM', NULL, NULL, 0),
(957, 'EN', 'PRABHAKARAN.MUDALIAR@SIEMENS.COM', NULL, NULL, 0),
(958, 'EN', 'HARIPRASAD.JARIPITI@SIEMENS.COM', NULL, NULL, 0),
(959, 'EN', 'ABHILASH.KHUNTE@SIEMENS.COM', NULL, NULL, 0),
(960, 'EN', 'PRADNYESH.GANU@SIEMENS.COM', NULL, NULL, 0),
(961, 'EN', 'ABDUL-REHMAN.KHAN@SIEMENS.COM', NULL, NULL, 0),
(962, 'EN', 'BHAEOKIRPAL.SINGH@SIEMENS.COM', NULL, NULL, 0),
(963, 'EN', 'ROHIT.BAGESHRA@SIEMENS.COM', NULL, NULL, 0),
(964, 'EN', 'YOGESH.THAKARE@SIEMENS.COM', NULL, NULL, 0),
(965, 'EN', 'RAVIKUMAR.GONDESI@SIEMENS.COM', NULL, NULL, 0),
(966, 'EN', 'HARSHAL.SHIMPANEKAR@SIEMENS.COM', NULL, NULL, 0),
(967, 'EN', 'PRASAD.JADHAV@SIEMENS.COM', NULL, NULL, 0),
(968, 'EN', 'RAJESH.THOTE@SIEMENS.COM', NULL, NULL, 0),
(969, 'EN', 'MKARTHIK@SIEMENS.COM', NULL, NULL, 0),
(970, 'EN', 'MITRA.SAYANTAN@SIEMENS.COM', NULL, NULL, 0),
(971, 'EN', 'SINGH.AMAR@SIEMENS.COM', NULL, NULL, 0),
(972, 'EN', 'SUMANKUMAR.PRASAD@SIEMENS.COM', NULL, NULL, 0),
(973, 'EN', 'SURJEETH.PL@SIEMENS.COM', NULL, NULL, 0),
(974, 'EN', 'SACHIN.SHIRODE@SIEMENS.COM', NULL, NULL, 0),
(975, 'EN', 'RAJASEKHARREDDY.TV@SIEMENS.COM', NULL, NULL, 0),
(976, 'EN', 'GANESHKUMAR.S@SIEMENS.COM', NULL, NULL, 0),
(977, 'EN', 'AKHIL.DESAI@SIEMENS.COM', NULL, NULL, 0),
(978, 'EN', 'MAHESH.PATTABHI@SIEMENS.COM', NULL, NULL, 0),
(979, 'EN', 'SUBHENDU.NAYAK@SIEMENS.COM', NULL, NULL, 0),
(980, 'EN', 'GARG.ANKUR@SIEMENS.COM', NULL, NULL, 0),
(981, 'EN', 'MAHESH.NAKADE@SIEMENS.COM', NULL, NULL, 0),
(982, 'EN', 'AADISH.TANKSALE@SIEMENS.COM', NULL, NULL, 0),
(983, 'EN', 'ANSHUL.SHARMA@SIEMENS.COM', NULL, NULL, 0),
(984, 'EN', 'RUTUL.SHAH@SIEMENS.COM', NULL, NULL, 0),
(985, 'EN', 'BHAGYASHREE.ZAWARE@SIEMENS.COM', NULL, NULL, 0),
(986, 'EN', 'ANKITGUPTA@SIEMENS.COM', NULL, NULL, 0),
(987, 'EN', 'RAZA.SYED@SIEMENS.COM', NULL, NULL, 0),
(988, 'EN', 'PRASHANTKUMAR.RAIV@SIEMENS.COM', NULL, NULL, 0),
(989, 'EN', 'ROSHAN.JACOB@SIEMENS.COM', NULL, NULL, 0),
(990, 'EN', 'VISHAL.SUTHAR@SIEMENS.COM', NULL, NULL, 0),
(991, 'EN', 'PRASHANT@SIEMENS.COM', NULL, NULL, 0),
(992, 'EN', 'ROSHAN.WANKHADE@SIEMENS.COM', NULL, NULL, 0),
(993, 'EN', 'SAURABH.NEGI@SIEMENS.COM', NULL, NULL, 0),
(994, 'EN', 'HIRULKAR.KIRAN@SIEMENS.COM', NULL, NULL, 0),
(995, 'EN', 'PARTHA.CHANDRAKAR@SIEMENS.COM', NULL, NULL, 0),
(996, 'EN', 'SHEETAL.KAW@SIEMENS.COM', NULL, NULL, 0),
(997, 'EN', 'SHASHANK.BHAVSAR@SIEMENS.COM', NULL, NULL, 0),
(998, 'EN', 'ARUN.YADAV@SIEMENS.COM', NULL, NULL, 0),
(999, 'EN', 'BHAVESH.BANSODE@SIEMENS.COM', NULL, NULL, 0),
(1000, 'EN', 'BHARAT.UGALE@SIEMENS.COM', NULL, NULL, 0),
(1001, 'EN', 'VIKASH.PRASAD@SIEMENS.COM', NULL, NULL, 0),
(1002, 'EN', 'SHARMA.SUNIL@SIEMENS.COM', NULL, NULL, 0),
(1003, 'EN', 'KALPANA.UKKALI@SIEMENS.COM', NULL, NULL, 0),
(1004, 'EN', 'BIKRAMJIT.MALLICK@SIEMENS.COM', NULL, NULL, 0),
(1005, 'EN', 'DEVESH.VALAPPIL@SIEMENS.COM', NULL, NULL, 0),
(1006, 'EN', 'MOHANA.N@SIEMENS.COM', NULL, NULL, 0),
(1007, 'EN', 'ASHIRBAD.DAS@SIEMENS.COM', NULL, NULL, 0),
(1008, 'EN', 'RUCHI.JAIN@SIEMENS.COM', NULL, NULL, 0),
(1009, 'EN', 'NIKHILA.WAKLE@SIEMENS.COM', NULL, NULL, 0),
(1010, 'EN', 'SRIVASTAVA.MAYANK@SIEMENS.COM', NULL, NULL, 0),
(1011, 'EN', 'AASHISH.KUMBHARKAR@SIEMENS.COM', NULL, NULL, 0),
(1012, 'EN', 'RAVIKIRAN.SAWANT@SIEMENS.COM', NULL, NULL, 0),
(1013, 'EN', 'PRADIPKUMAR.PATEL@SIEMENS.COM', NULL, NULL, 0),
(1014, 'EN', 'DHRUVIN.MODI@SIEMENS.COM', NULL, NULL, 0),
(1015, 'EN', 'SINGH.DEEPAK@SIEMENS.COM', NULL, NULL, 0),
(1016, 'EN', 'BHAVVIBHOR.SRIVASTAVA@SIEMENS.COM', NULL, NULL, 0),
(1017, 'EN', 'DHRUVIN.DESAI@SIEMENS.COM', NULL, NULL, 0),
(1018, 'EN', 'RAVINDER.PAL@SIEMENS.COM', NULL, NULL, 0),
(1019, 'EN', 'BHARGAVA.CHANDRASEKAR@SIEMENS.COM', NULL, NULL, 0),
(1020, 'EN', 'SARITA.PAWADE@SIEMENS.COM', NULL, NULL, 0),
(1021, 'EN', 'ASHISH.KUMAR01@SIEMENS.COM', NULL, NULL, 0),
(1022, 'EN', 'SUDIPTA.GARNAYAK@SIEMENS.COM', NULL, NULL, 0),
(1023, 'EN', 'MAHESH.KORDE@SIEMENS.COM', NULL, NULL, 0),
(1024, 'EN', 'SWAPNIL.PARAB@SIEMENS.COM', NULL, NULL, 0),
(1025, 'EN', 'MAMTA.MESTRY@SIEMENS.COM', NULL, NULL, 0),
(1026, 'EN', 'TAPAN.SUBHASHCHANDRA@SIEMENS.COM', NULL, NULL, 0),
(1027, 'EN', 'ROBIN.SINGH@SIEMENS.COM', NULL, NULL, 0),
(1028, 'EN', 'PANKAJ.VHANALE@SIEMENS.COM', NULL, NULL, 0),
(1029, 'EN', 'SRIVASTAVA.SAURABH@SIEMENS.COM', NULL, NULL, 0),
(1030, 'EN', 'PRAVIN.PAWAR@SIEMENS.COM', NULL, NULL, 0),
(1031, 'EN', 'VENKATESHWAR.D@SIEMENS.COM', NULL, NULL, 0),
(1032, 'EN', 'BANDU.KHAVANDE@SIEMENS.COM', NULL, NULL, 0),
(1033, 'EN', 'ATUL.KOKAM@SIEMENS.COM', NULL, NULL, 0),
(1034, 'EN', 'MANISH.SAHU@SIEMENS.COM', NULL, NULL, 0),
(1035, 'EN', 'SAGAR.KURADE@SIEMENS.COM', NULL, NULL, 0),
(1036, 'EN', 'RUTUJ.SAVE@SIEMENS.COM', NULL, NULL, 0),
(1037, 'EN', 'BAGEESH.TIWARI@SIEMENS.COM', NULL, NULL, 0),
(1038, 'EN', 'SAYALI.CHAVAN@SIEMENS.COM', NULL, NULL, 0),
(1039, 'EN', 'VENGATESAN.PANDURANGAN@SIEMENS.COM', NULL, NULL, 0),
(1040, 'EN', 'HARSH.TRIVEDI@SIEMENS.COM', NULL, NULL, 0),
(1041, 'EN', 'DEVANG.OZA@SIEMENS.COM', NULL, NULL, 0),
(1042, 'EN', 'ABHISHEK.KAR@SIEMENS.COM', NULL, NULL, 0),
(1043, 'EN', 'ROHAN.KALSEKAR@SIEMENS.COM', NULL, NULL, 0),
(1044, 'EN', 'GAURAV.TYAGI@SIEMENS.COM', NULL, NULL, 0),
(1045, 'EN', 'INDRANI.BHATTACHARYYA@SIEMENS.COM', NULL, NULL, 0),
(1046, 'EN', 'SAURABH.BAGADDEO@SIEMENS.COM', NULL, NULL, 0),
(1047, 'EN', 'KUMAR.BABBAR@SIEMENS.COM', NULL, NULL, 0),
(1048, 'EN', 'JAYAPRAKASH.CHINNARAJ@SIEMENS.COM', NULL, NULL, 0),
(1049, 'EN', 'SOUBHAGYA.SAHOO@SIEMENS.COM', NULL, NULL, 0),
(1050, 'EN', 'DEEPAK.GADDE@SIEMENS.COM', NULL, NULL, 0),
(1051, 'EN', 'VINODKUMAR.V@SIEMENS.COM', NULL, NULL, 0),
(1052, 'EN', 'JAYAN.J@SIEMENS.COM', NULL, NULL, 0),
(1053, 'EN', 'NIKHILJAIN@SIEMENS.COM', NULL, NULL, 0),
(1054, 'EN', 'SUPAYAN.DEB@SIEMENS.COM', NULL, NULL, 0),
(1055, 'EN', 'SWAPNIL.BHALEKAR@SIEMENS.COM', NULL, NULL, 0),
(1056, 'EN', 'SHINDEVAIBHAV@SIEMENS.COM', NULL, NULL, 0),
(1057, 'EN', 'VIJAYARAGHAVAN.S@SIEMENS.COM', NULL, NULL, 0),
(1058, 'EN', 'VISHALJENSEN.DSOUZA@SIEMENS.COM', NULL, NULL, 0),
(1059, 'EN', 'JUGAL.SHAH@SIEMENS.COM', NULL, NULL, 0),
(1060, 'EN', 'CHAUDHARY.PRADEEP@SIEMENS.COM', NULL, NULL, 0),
(1061, 'EN', 'YADNESH.BIRLA@SIEMENS.COM', NULL, NULL, 0),
(1062, 'EN', 'PARTHASARATHI.TUMMALA@SIEMENS.COM', NULL, NULL, 0),
(1063, 'EN', 'SAGARIKA.YANNUWAR@SIEMENS.COM', NULL, NULL, 0),
(1064, 'EN', 'SOURUTTA.GOVEKAR@SIEMENS.COM', NULL, NULL, 0),
(1065, 'EN', 'GAYATRI.YADAV@SIEMENS.COM', NULL, NULL, 0),
(1066, 'EN', 'HEMANSHU.WAGHARE@SIEMENS.COM', NULL, NULL, 0),
(1067, 'EN', 'RASESHWARI.TINGRE@SIEMENS.COM', NULL, NULL, 0),
(1068, 'EN', 'MAYUR.KHADSE@SIEMENS.COM', NULL, NULL, 0),
(1069, 'EN', 'KUMAR.AMLENDU@SIEMENS.COM', NULL, NULL, 0),
(1070, 'EN', 'VRINDA.SINGHAL@SIEMENS.COM', NULL, NULL, 0),
(1071, 'EN', 'NIPANIKAR.PALLAVI@SIEMENS.COM', NULL, NULL, 0),
(1072, 'EN', 'GEETANJALI.BARLEY@SIEMENS.COM', NULL, NULL, 0),
(1073, 'EN', 'PRACHI.SURANGALIKAR@SIEMENS.COM', NULL, NULL, 0),
(1074, 'EN', 'VENKATESAN.SELVARAJ@SIEMENS.COM', NULL, NULL, 0),
(1075, 'EN', 'RAJAT.AGRAWAL@SIEMENS.COM', NULL, NULL, 0),
(1076, 'EN', 'SOUVIK.DAS@SIEMENS.COM', NULL, NULL, 0),
(1077, 'EN', 'SARANG.GIRME@SIEMENS.COM', NULL, NULL, 0),
(1078, 'EN', 'UMESH.PAL@SIEMENS.COM', NULL, NULL, 0),
(1079, 'EN', 'PRATIK.MAGAR@SIEMENS.COM', NULL, NULL, 0),
(1080, 'EN', 'SHEETAL.KALA@SIEMENS.COM', NULL, NULL, 0),
(1081, 'EN', 'JAY.BHANUSHALI@SIEMENS.COM', NULL, NULL, 0),
(1082, 'EN', 'ANURAG.KUMAR01@SIEMENS.COM', NULL, NULL, 0),
(1083, 'EN', 'SHARMA.NIKHIL@SIEMENS.COM', NULL, NULL, 0),
(1084, 'EN', 'PAWAR.PRAVIN@SIEMENS.COM', NULL, NULL, 0),
(1085, 'EN', 'CHETAN.KAMBLE@SIEMENS.COM', NULL, NULL, 0),
(1086, 'EN', 'MARIMUTHU.P@SIEMENS.COM', NULL, NULL, 0),
(1087, 'EN', 'PRASANTKUMAR.MUDULI@SIEMENS.COM', NULL, NULL, 0),
(1088, 'EN', 'RANJITH.RUDRA@SIEMENS.COM', NULL, NULL, 0),
(1089, 'EN', 'SACHIN.KUMAR@SIEMENS.COM', NULL, NULL, 0),
(1090, 'EN', 'UJWAL.RAMDURG@SIEMENS.COM', NULL, NULL, 0),
(1091, 'EN', 'SAGAR.KHATAVKAR@SIEMENS.COM', NULL, NULL, 0),
(1092, 'EN', 'MRITYUNJAY.MISHRA@SIEMENS.COM', NULL, NULL, 0),
(1093, 'EN', 'KIRAN.NARAKE@SIEMENS.COM', NULL, NULL, 0),
(1094, 'EN', 'PRAKASH.SOMANNAVAR@SIEMENS.COM', NULL, NULL, 0),
(1095, 'EN', 'SACHIN.PATIL02@SIEMENS.COM', NULL, NULL, 0),
(1096, 'EN', 'RAJKUMAR.SHARMA@SIEMENS.COM', NULL, NULL, 0),
(1097, 'EN', 'MAULIKKUMAR.PATEL@SIEMENS.COM', NULL, NULL, 0),
(1098, 'EN', 'KALYANI.WANI@SIEMENS.COM', NULL, NULL, 0),
(1099, 'EN', 'RAHUL.KORE@SIEMENS.COM', NULL, NULL, 0),
(1100, 'EN', 'ALANKAR.MANJREKAR@SIEMENS.COM', NULL, NULL, 0),
(1101, 'EN', 'TUHIN.SARKAR@SIEMENS.COM', NULL, NULL, 0),
(1102, 'EN', 'NIKHIL.WARADE@SIEMENS.COM', NULL, NULL, 0),
(1103, 'EN', 'SHRIJIT.RAJU@SIEMENS.COM', NULL, NULL, 0),
(1104, 'EN', 'ABHINAV.AKKAPELLY@SIEMENS.COM', NULL, NULL, 0),
(1105, 'EN', 'SANDIPTA.MAITY@SIEMENS.COM', NULL, NULL, 0),
(1106, 'EN', 'AKASH.KUMAR.KHERIA@SIEMENS.COM', NULL, NULL, 0),
(1107, 'EN', 'SAMEER.SASHITTAL@SIEMENS.COM', NULL, NULL, 0),
(1108, 'EN', 'RAJNISH.VISHWAKARMA@SIEMENS.COM', NULL, NULL, 0),
(1109, 'EN', 'SHARIK.ANSARI@SIEMENS.COM', NULL, NULL, 0),
(1110, 'EN', 'MUKESH.SONI@SIEMENS.COM', NULL, NULL, 0),
(1111, 'EN', 'ABHIMANYU.KUMAR01@SIEMENS.COM', NULL, NULL, 0),
(1112, 'EN', 'RAUT.ADITYA@SIEMENS.COM', NULL, NULL, 0),
(1113, 'EN', 'KAUSTUBH.BHAVE@SIEMENS.COM', NULL, NULL, 0),
(1114, 'EN', 'AVIJIT.DUTTA@SIEMENS.COM', NULL, NULL, 0),
(1115, 'EN', 'SUDHINDRA.HARIHAR@SIEMENS.COM', NULL, NULL, 0),
(1116, 'EN', 'SHAVEZ.KHAN@SIEMENS.COM', NULL, NULL, 0),
(1117, 'EN', 'DIKSHA.JAIN@SIEMENS.COM', NULL, NULL, 0),
(1118, 'EN', 'HARPREET.SINGH01@SIEMENS.COM', NULL, NULL, 0),
(1119, 'EN', 'VIKRAM.RAWAT@SIEMENS.COM', NULL, NULL, 0),
(1120, 'EN', 'AKASH.JAMWAL@SIEMENS.COM', NULL, NULL, 0),
(1121, 'EN', 'CHINTAN.GHELANI@SIEMENS.COM', NULL, NULL, 0),
(1122, 'EN', 'VINAYAK.KULKARNI@SIEMENS.COM', NULL, NULL, 0),
(1123, 'EN', 'MUKESH.KHARAT@SIEMENS.COM', NULL, NULL, 0),
(1124, 'EN', 'AZMAL.BHASHA@SIEMENS.COM', NULL, NULL, 0),
(1125, 'EN', 'PRATEEK.CHAUHAN@SIEMENS.COM', NULL, NULL, 0),
(1126, 'EN', 'KARUNA.SINGH@SIEMENS.COM', NULL, NULL, 0),
(1127, 'EN', 'SRINATH.SANTHANAM@SIEMENS.COM', NULL, NULL, 0),
(1128, 'EN', 'PURVESH.AJANE@SIEMENS.COM', NULL, NULL, 0),
(1129, 'EN', 'SONAM.BHARDWAJ@SIEMENS.COM', NULL, NULL, 0),
(1130, 'EN', 'KRUTARTH.BHATT@SIEMENS.COM', NULL, NULL, 0),
(1131, 'EN', 'ROSHAN.PANDE@SIEMENS.COM', NULL, NULL, 0),
(1132, 'EN', 'RAHUL.GANGRADE@SIEMENS.COM', NULL, NULL, 0),
(1133, 'EN', 'KETAN.BHOSALE@SIEMENS.COM', NULL, NULL, 0),
(1134, 'EN', 'SHYAM.J@SIEMENS.COM', NULL, NULL, 0),
(1135, 'EN', 'SIVADURGAPRASAD.MONDETI@SIEMENS.COM', NULL, NULL, 0),
(1136, 'EN', 'DESHMUKH.MAYUR@SIEMENS.COM', NULL, NULL, 0),
(1137, 'EN', 'CHANDRASHEKAR.R@SIEMENS.COM', NULL, NULL, 0),
(1138, 'EN', 'HITESH.PAREEK@SIEMENS.COM', NULL, NULL, 0),
(1139, 'EN', 'SIDDHARTH.VASISHT@SIEMENS.COM', NULL, NULL, 0),
(1140, 'EN', 'RUPESH.GHARAT@SIEMENS.COM', NULL, NULL, 0),
(1141, 'EN', 'UMESH.INDANI@SIEMENS.COM', NULL, NULL, 0),
(1142, 'EN', 'AJAYSHARMA1@SIEMENS.COM', NULL, NULL, 0),
(1143, 'EN', 'KISHOR.HASSIJA@SIEMENS.COM', NULL, NULL, 0),
(1144, 'EN', 'AAGAM.SHAH@SIEMENS.COM', NULL, NULL, 0),
(1145, 'EN', 'ALOK.DESHMUKH@SIEMENS.COM', NULL, NULL, 0),
(1146, 'EN', 'ABHIJIT.MONDAL@SIEMENS.COM', NULL, NULL, 0),
(1147, 'EN', 'SHETTY.CHETANA@SIEMENS.COM', NULL, NULL, 0),
(1148, 'EN', 'VIVEK.BHAVSAR1@SIEMENS.COM', NULL, NULL, 0),
(1149, 'EN', 'SAHIL.BHATIA@SIEMENS.COM', NULL, NULL, 0),
(1150, 'EN', 'SRIKANTHREDDY.M@SIEMENS.COM', NULL, NULL, 0),
(1151, 'EN', 'ABHISHEK.TRIVEDI@SIEMENS.COM', NULL, NULL, 0),
(1152, 'EN', 'APOORV.SAXENA@SIEMENS.COM', NULL, NULL, 0),
(1153, 'EN', 'VIKRANT.MALVANKAR@SIEMENS.COM', NULL, NULL, 0),
(1154, 'EN', 'AYOOB.MP@SIEMENS.COM', NULL, NULL, 0),
(1155, 'EN', 'DEVIPRASAD.V@SIEMENS.COM', NULL, NULL, 0),
(1156, 'EN', 'SUJAY.PEDNEKAR@SIEMENS.COM', NULL, NULL, 0),
(1157, 'EN', 'ABHIJEET.MURGUNDE@SIEMENS.COM', NULL, NULL, 0),
(1158, 'EN', 'FAROOQ.VIQUAR@SIEMENS.COM', NULL, NULL, 0),
(1159, 'EN', 'AJAY.JOSHI@SIEMENS.COM', NULL, NULL, 0),
(1160, 'EN', 'NITIN.DHANDE@SIEMENS.COM', NULL, NULL, 0),
(1161, 'EN', 'NACHIKETA.CHATTERJEE@SIEMENS.COM', NULL, NULL, 0),
(1162, 'EN', 'VIJAY.GANTA@SIEMENS.COM', NULL, NULL, 0),
(1163, 'EN', 'GAURAV.GOGIA@SIEMENS.COM', NULL, NULL, 0),
(1164, 'EN', 'VIKAS.GAUR@SIEMENS.COM', NULL, NULL, 0),
(1165, 'EN', 'ANAND.MAZUMDAR@SIEMENS.COM', NULL, NULL, 0),
(1166, 'EN', 'PRASANTA.PAHARI@SIEMENS.COM', NULL, NULL, 0),
(1167, 'EN', 'DHIRESH.SAHARIA@SIEMENS.COM', NULL, NULL, 0),
(1168, 'EN', 'BHASKAR.MANDAL@SIEMENS.COM', NULL, NULL, 0),
(1169, 'EN', 'UPHAR.SRIVASTAVA@SIEMENS.COM', NULL, NULL, 0),
(1170, 'EN', 'KULDEEP.YADAV@SIEMENS.COM', NULL, NULL, 0),
(1171, 'EN', 'RAJAN.GOYAL@SIEMENS.COM', NULL, NULL, 0),
(1172, 'EN', 'VINAY.BATRA@SIEMENS.COM', NULL, NULL, 0),
(1173, 'EN', 'GAUTAM.RAWAL@SIEMENS.COM', NULL, NULL, 0),
(1174, 'EN', 'VIVEK.CHADHA@SIEMENS.COM', NULL, NULL, 0),
(1175, 'EN', 'TARUN.BHATIA@SIEMENS.COM', NULL, NULL, 0),
(1176, 'EN', 'RAJNEESH.MAHALAYA@SIEMENS.COM', NULL, NULL, 0),
(1177, 'EN', 'VIJAYPRATAP.SINGH@SIEMENS.COM', NULL, NULL, 0),
(1178, 'EN', 'PIYUSH.BHARADWAJ@SIEMENS.COM', NULL, NULL, 0),
(1179, 'EN', 'ANKIT.TALWAR@SIEMENS.COM', NULL, NULL, 0),
(1180, 'EN', 'AMIT.BHADAURIA@SIEMENS.COM', NULL, NULL, 0),
(1181, 'EN', 'SANAM.JETLAY@SIEMENS.COM', NULL, NULL, 0),
(1182, 'EN', 'SUMEET.VIKRAMADITYA@SIEMENS.COM', NULL, NULL, 0),
(1183, 'EN', 'ABHISHEK.PANDEY@SIEMENS.COM', NULL, NULL, 0),
(1184, 'EN', 'MEKALA.CHANDRASEKHAR@SIEMENS.COM', NULL, NULL, 0),
(1185, 'EN', 'S.DIVAKAR@SIEMENS.COM', NULL, NULL, 0),
(1186, 'EN', 'VARDHANI.KRISHNAN@SIEMENS.COM', NULL, NULL, 0),
(1187, 'EN', 'SAIPRASAD.SHENOY@SIEMENS.COM', NULL, NULL, 0),
(1188, 'EN', 'BABU.VENKATESH@SIEMENS.COM', NULL, NULL, 0),
(1189, 'EN', 'KRISHNAMURTHY@SIEMENS.COM', NULL, NULL, 0),
(1190, 'EN', 'M.SHANKAR@SIEMENS.COM', NULL, NULL, 0),
(1191, 'EN', 'B.JAGANNATHAN@SIEMENS.COM', NULL, NULL, 0),
(1192, 'EN', 'PRAKASH.HEGDE@SIEMENS.COM', NULL, NULL, 0),
(1193, 'EN', 'C.NARAYANAN@SIEMENS.COM', NULL, NULL, 0),
(1194, 'EN', 'MS.MURUGARAJ@SIEMENS.COM', NULL, NULL, 0),
(1195, 'EN', 'EMERENCIA.MARY@SIEMENS.COM', NULL, NULL, 0),
(1196, 'EN', 'PRAMOD.KRISHNA@SIEMENS.COM', NULL, NULL, 0),
(1197, 'EN', 'MARK.AZMATH@SIEMENS.COM', NULL, NULL, 0),
(1198, 'EN', 'PRAVEEN.PAI@SIEMENS.COM', NULL, NULL, 0),
(1199, 'EN', 'VISWANATH.KRUTHIVENTI@SIEMENS.COM', NULL, NULL, 0),
(1200, 'EN', 'PV.RAVIKIRAN@SIEMENS.COM', NULL, NULL, 0),
(1201, 'EN', 'K.KIRAN@SIEMENS.COM', NULL, NULL, 0),
(1202, 'EN', 'VUNDAVALLY.MADANMOHAN@SIEMENS.COM', NULL, NULL, 0),
(1203, 'EN', 'GORIPARTHI.DURGAPRASAD@SIEMENS.COM', NULL, NULL, 0),
(1204, 'EN', 'PRAKASH.RAJU@SIEMENS.COM', NULL, NULL, 0),
(1205, 'EN', 'KRISHNAPRASAD.ANANTHA@SIEMENS.COM', NULL, NULL, 0),
(1206, 'EN', 'KR.PURUSHOTTAM@SIEMENS.COM', NULL, NULL, 0),
(1207, 'EN', 'M.IMRAN@SIEMENS.COM', NULL, NULL, 0),
(1208, 'EN', 'SRIKANTH.GOPALAN@SIEMENS.COM', NULL, NULL, 0),
(1209, 'EN', 'PARVEEN.KAUSHAL@SIEMENS.COM', NULL, NULL, 0),
(1210, 'EN', 'G.HAMSA@SIEMENS.COM', NULL, NULL, 0),
(1211, 'EN', 'VINESH.GARG@SIEMENS.COM', NULL, NULL, 0),
(1212, 'EN', 'TM.BASAVARAJ@SIEMENS.COM', NULL, NULL, 0),
(1213, 'EN', 'CHITRA.KARTHIKEYAN@SIEMENS.COM', NULL, NULL, 0),
(1214, 'EN', 'PRAKASH.RAMANATHAN@SIEMENS.COM', NULL, NULL, 0),
(1215, 'EN', 'NARAYANAN.SHANKAR@SIEMENS.COM', NULL, NULL, 0),
(1216, 'EN', 'DATTATRAYA.KAMAT@SIEMENS.COM', NULL, NULL, 0),
(1217, 'EN', 'MADAN.REPAL@SIEMENS.COM', NULL, NULL, 0),
(1218, 'EN', 'DEEPAK.KUDTARKAR@SIEMENS.COM', NULL, NULL, 0),
(1219, 'EN', 'ALEX.NAZARETH@SIEMENS.COM', NULL, NULL, 0),
(1220, 'EN', 'MURLIDHAR.PHATAK@SIEMENS.COM', NULL, NULL, 0),
(1221, 'EN', 'KM.SUNDARAM@SIEMENS.COM', NULL, NULL, 0),
(1222, 'EN', 'PRASHANT.SHAH@SIEMENS.COM', NULL, NULL, 0),
(1223, 'EN', 'GIRISH.RAO@SIEMENS.COM', NULL, NULL, 0),
(1224, 'EN', 'RAMESH.PATIL@SIEMENS.COM', NULL, NULL, 0),
(1225, 'EN', 'ATUL.RODGE@SIEMENS.COM', NULL, NULL, 0),
(1226, 'EN', 'YOGESH.CHAUDHARY@SIEMENS.COM', NULL, NULL, 0),
(1227, 'EN', 'DIWAKAR.SHETTY@SIEMENS.COM', NULL, NULL, 0),
(1228, 'EN', 'SUDHIR.SHINDE@SIEMENS.COM', NULL, NULL, 0),
(1229, 'EN', 'SAWANT.SANDESH@SIEMENS.COM', NULL, NULL, 0),
(1230, 'EN', 'GOUTAM.MITRA@SIEMENS.COM', NULL, NULL, 0),
(1231, 'EN', 'ARIJIT.BISWAS@SIEMENS.COM', NULL, NULL, 0),
(1232, 'EN', 'ABHAY.BHANUSHALI@SIEMENS.COM', NULL, NULL, 0),
(1233, 'EN', 'KEZIA.JOSEPH@SIEMENS.COM', NULL, NULL, 0),
(1234, 'EN', 'PRAKASH.YARDI@SIEMENS.COM', NULL, NULL, 0),
(1235, 'EN', 'ARCHANA.HOTA@SIEMENS.COM', NULL, NULL, 0),
(1236, 'EN', 'ARUSHI.BHARGAVA@SIEMENS.COM', NULL, NULL, 0),
(1237, 'EN', 'SAMEER.ASHTEKAR@SIEMENS.COM', NULL, NULL, 0),
(1238, 'EN', 'SARKAR.AMITAVA@SIEMENS.COM', NULL, NULL, 0),
(1239, 'EN', 'BALASUBRAMANIAN.VISWANATHAN@SIEMENS.COM', NULL, NULL, 0),
(1240, 'EN', 'nair.rajesh@siemens.com', NULL, NULL, 0),
(1241, 'EN', 'tanvi.hegde@siemens.com', NULL, NULL, 0),
(1242, 'EN', 'ramanathan.parasuraman@siemens.com', NULL, NULL, 0),
(1243, 'EN', 'yuvraj.nagarkar@siemens.com', '2021-05-12 17:10:54', '2021-05-12 17:11:55', 1),
(1244, 'EN', 'suprakash.chaudhuri@siemens.com', NULL, NULL, 0),
(1245, 'EN', 'amit.tikoo@siemens.com', '2021-04-21 19:16:33', '2021-04-21 19:22:34', 1),
(1246, 'EN', 'gautam.dutta@siemens.com', NULL, NULL, 0),
(1247, 'EN', 'sridhar.lal@siemens.com', NULL, NULL, 0),
(1248, 'EN', 'sridhar.subramaniam@siemens.com', NULL, NULL, 0),
(1249, 'EN', 'vinod.sharma@siemens.com', NULL, NULL, 0),
(1250, 'EN', 'kailashnath.munipella@siemens.com', NULL, NULL, 0),
(1251, 'EN', 'samik.nandi@siemens.com', NULL, NULL, 0),
(1252, 'EN', 'ashwin.nair@siemens.com', NULL, NULL, 0),
(1253, 'EN', 'mani.prithiviraj@siemens.com', NULL, NULL, 0),
(1254, 'EN', 'janice.gonsalves@siemens.com', NULL, NULL, 0),
(1255, 'EN', 'manoj.banthia@siemens.com', NULL, NULL, 0),
(1256, 'EN', 'roshan.dutt@siemens.com', NULL, NULL, 0),
(1257, 'EN', 'debraj.dhar@siemens.com', NULL, NULL, 0),
(1258, 'EN', 'sampat.naik@siemens.com', NULL, NULL, 0),
(1259, 'EN', 'prerna.kaushal@siemens.com', NULL, NULL, 0),
(1260, 'EN', 'tejas.dere@siemens.com', NULL, NULL, 0),
(1261, 'EN', 'kulkarni.koustubh@siemens.com', NULL, NULL, 0),
(1262, 'EN', 'muthusonai.prabakaran@siemens.com', NULL, NULL, 0),
(1263, 'EN', 'aman.sehra@siemens.com', NULL, NULL, 0),
(1264, 'EN', 'm.thirumalaikumar@siemens.com', NULL, NULL, 0),
(1265, 'EN', 'abir.shee@siemens.com', NULL, NULL, 0),
(1266, 'EN', 'priti.sanjeev@siemens.com', NULL, NULL, 0),
(1267, 'EN', 'bhatia.rohit@siemens.com', NULL, NULL, 0),
(1268, 'EN', 'darshan.unni@siemens.com', NULL, NULL, 0),
(1269, 'EN', 'singhsaurabh@siemens.com', NULL, NULL, 0),
(1270, 'EN', 's.amit@siemens.com', NULL, NULL, 0),
(1271, 'EN', 'risheen.majumdar@siemens.com', NULL, NULL, 0),
(1272, 'EN', 'vijaya.sudalaimuthu@siemens.com', NULL, NULL, 0),
(1273, 'EN', 'abilash.kanna@siemens.com', NULL, NULL, 0),
(1274, 'EN', 'dixit.pasricha@siemens.com', NULL, NULL, 0),
(1275, 'EN', 'ananda.bhunia@siemens.com', NULL, NULL, 0),
(1276, 'EN', 'siddhant.sharma@siemens.com', NULL, NULL, 0),
(1277, 'EN', 'vikassharma@siemens.com', NULL, NULL, 0),
(1278, 'EN', 'shrenik.jadhav@siemens.com', NULL, NULL, 0),
(1279, 'EN', 'vijay.jeyaraj@siemens.com', NULL, NULL, 0),
(1280, 'EN', 'varshney.arun@siemens.com', NULL, NULL, 0),
(1281, 'EN', 'abhishek.sane@siemens.com', NULL, NULL, 0),
(1282, 'EN', 'prakash.tolani.ext@siemens.com', NULL, NULL, 0),
(1283, 'EN', 'mathew.thomas@siemens.com', NULL, NULL, 0),
(1284, 'EN', 'akhil.kabu@siemens.com', NULL, NULL, 0),
(1285, 'EN', 'ajitabh.sarin@siemens.com', NULL, NULL, 0),
(1286, 'EN', 'vishal.malik@siemens.com', NULL, NULL, 0),
(1287, 'EN', 'vikas_sharma@siemens.com', NULL, NULL, 0),
(1288, 'EN', 'viswanaathan.sankaranarayanan@siemens.com', NULL, NULL, 0),
(1289, 'EN', 'aakar.chaturvedi@siemens.com', NULL, NULL, 0),
(1290, 'EN', 'amarjeet.singh@siemens.com', NULL, NULL, 0),
(1291, 'EN', 'mobin.joseph@siemens.com', NULL, NULL, 0),
(1292, 'EN', 'abhijit.anand@siemens.com', NULL, NULL, 0),
(1293, 'EN', 'mahendran.gurusamy@siemens.com', NULL, NULL, 0),
(1294, 'EN', 'deepak.hejmadi@siemens.com', NULL, NULL, 0),
(1295, 'EN', 'sanjeev.talwar@siemens.com', NULL, NULL, 0),
(1296, 'EN', 'nitesh.pujari@siemens.com', NULL, NULL, 0),
(1297, 'EN', 'nishanth.kuzhil@siemens.com', NULL, NULL, 0),
(1298, 'EN', 'brijesh.patel@siemens.com', NULL, NULL, 0),
(1299, 'EN', 'kopal.gupta@siemens.com', NULL, NULL, 0),
(1300, 'EN', 'jagannathan.tc@siemens.com', NULL, NULL, 0),
(1301, 'EN', 'sarbadaman.panda@siemens.com', NULL, NULL, 0),
(1302, 'EN', 'vinay.adhyapak@siemens.com', NULL, NULL, 0),
(1303, 'EN', 'srivastava@siemens.com', NULL, NULL, 0),
(1304, 'EN', 'banerjee.anirban@siemens.com', NULL, NULL, 0),
(1305, 'EN', 'palash.chatterjee@siemens.com', NULL, NULL, 0),
(1306, 'EN', 'anil.solanki@siemens.com', NULL, NULL, 0),
(1307, 'EN', 'akhilesh.sahi@siemens.com', NULL, NULL, 0),
(1308, 'EN', 'yogee.shrivastava@siemens.com', NULL, NULL, 0),
(1309, 'EN', 'gopala.naidu@siemens.com ', NULL, NULL, 0),
(1310, 'EN', 'navin.ranjan@siemens.com', NULL, NULL, 0),
(1311, 'EN', 'arjun.kapoor@siemens.com', NULL, NULL, 0),
(1312, 'EN', 'girish.bellur@siemens.com', NULL, NULL, 0),
(1313, 'EN', 'karthik.kannan@siemens.com', NULL, NULL, 0),
(1314, 'EN', 'vinod.das@siemens.com', NULL, NULL, 0),
(1315, 'EN', 'raj.narayanan@siemens.com', NULL, NULL, 0),
(1316, 'EN', 'muralidhar.joshi@siemens.com ', NULL, NULL, 0),
(1317, 'EN', 'haresh.r@siemens.com', NULL, NULL, 0),
(1318, 'EN', 'raghav.srusti@siemens.com', NULL, NULL, 0),
(1319, 'EN', 'mangesh.deshpande@siemens.com', NULL, NULL, 0),
(1320, 'EN', 'vishal.chopra@siemens.com', NULL, NULL, 0),
(1321, 'EN', 'harshad.inamdar@siemens.com', NULL, NULL, 0),
(1322, 'EN', 'syed.saleem@siemens.com', NULL, NULL, 0),
(1323, 'EN', 'karthik.td@siemens.com', NULL, NULL, 0),
(1324, 'EN', 'rahul.pahuja@siemens.com', NULL, NULL, 0),
(1325, 'EN', 'sampath.ananth_kumar@siemens.com', NULL, NULL, 0),
(1326, 'EN', 'bharet.ahuja@siemens.com', NULL, NULL, 0),
(1327, 'EN', 'nilakantan.parameswaran@siemens.com', NULL, NULL, 0),
(1328, 'EN', 'gaurav.shankar@siemens.com', NULL, NULL, 0),
(1329, 'EN', 'pranav.gupta@siemens.com', NULL, NULL, 0),
(1330, 'EN', 'arora.mayank@siemens.com', NULL, NULL, 0),
(1331, 'EN', 'murali.lakshminarasimhan@siemens.com', NULL, NULL, 0),
(1332, 'EN', 'avik.gupta@siemens.com', NULL, NULL, 0),
(1333, 'EN', 'ramamurthi.aiyappan@siemens.com', NULL, NULL, 0),
(1334, 'EN', 'geetanand.kedilaya@siemens.com', NULL, NULL, 0),
(1335, 'EN', 's.kumaraswamy@siemens.com', NULL, NULL, 0),
(1336, 'EN', 'annie.joy@siemens.com', NULL, NULL, 0),
(1337, 'EN', 'prasanna.kulkarni@siemens.com', NULL, NULL, 0),
(1338, 'EN', 'avalon.dmello@siemens.com', NULL, NULL, 0),
(1339, 'EN', 'anand.phadnis@siemens.com', NULL, NULL, 0),
(1340, 'EN', 'nitin.malvadkar@siemens.com', NULL, NULL, 0),
(1341, 'EN', 'swathi.hiremath@siemens.com', NULL, NULL, 0),
(1342, 'EN', 'prashant.gandhi@siemens.com', NULL, NULL, 0),
(1343, 'EN', 'murugadass.kannan@siemens.com', NULL, NULL, 0),
(1344, 'EN', 'c.surendra@siemens.com', NULL, NULL, 0),
(1345, 'EN', 'khushpreet.singh@siemens.com', NULL, NULL, 0),
(1346, 'EN', 'vitthal.londhe@siemens.com', NULL, NULL, 0),
(1347, 'EN', 'rajendra.dongale@siemens.com', NULL, NULL, 0),
(1348, 'EN', 'kiran.voonna@siemens.com', NULL, NULL, 0),
(1349, 'EN', 'tushit.desai@siemens.com', NULL, NULL, 0),
(1350, 'EN', 'srikar.sai@siemens.com', NULL, NULL, 0),
(1351, 'EN', 'amol.bramhapurkar@siemens.com', NULL, NULL, 0),
(1352, 'EN', 'girish.gaikwad@siemens.com', NULL, NULL, 0),
(1353, 'EN', 'dayanandkumar.yadabettu@siemens.com', NULL, NULL, 0),
(1354, 'EN', 'aravindan.sivasankar@siemens.com', NULL, NULL, 0),
(1355, 'EN', 'aditya.luktuke@siemens.com', NULL, NULL, 0),
(1356, 'EN', 'rajinder.dhillon@siemens.com', NULL, NULL, 0),
(1357, 'EN', 'manoj.tiwari@siemens.com', '2021-04-27 17:12:18', '2021-04-28 00:11:22', 1),
(1358, 'EN', 'kumar.nishant@siemens.com', NULL, NULL, 0),
(1359, 'EN', 'sivaprakasam.soundaravelu@siemens.com', NULL, NULL, 0),
(1360, 'EN', 'aman.garg@siemens.com', NULL, NULL, 0),
(1361, 'EN', 'sushil.jain@siemens.com', NULL, NULL, 0),
(1362, 'EN', 'naveen.amesar@siemens.com', NULL, NULL, 0),
(1363, 'EN', 'piyush.garg@siemens.com', NULL, NULL, 0),
(1364, 'EN', 'kumar.santosh@siemens.com', NULL, NULL, 0),
(1365, 'EN', 'rohit.chandran_k@siemens.com', '2021-05-14 10:20:43', '2021-05-14 16:35:40', 1),
(1366, 'EN', 'sujit.chaudhari@siemens.com', NULL, NULL, 0),
(1367, 'EN', 'ajit.haridas@siemens.com', NULL, NULL, 0),
(1368, 'EN', 'himanshu.arora@siemens.com', NULL, NULL, 0),
(1369, 'EN', 'soundararajan.gurunathan@siemens.com', NULL, NULL, 0),
(1370, '', '', NULL, NULL, 0),
(1371, 'Language', 'E-mail', NULL, NULL, 0),
(1372, 'EN', 'UMESH.SATHE@SIEMENS.COM', '2021-05-14 20:33:46', '2021-05-14 22:20:05', 1),
(1373, 'EN', 'SATISH.HERLEKAR@SIEMENS.COM', '2021-05-05 16:51:15', '2021-05-05 21:00:13', 1),
(1374, 'EN', 'PETER.PAIS@SIEMENS.COM', '2021-05-14 12:39:20', '2021-05-14 13:42:04', 1),
(1375, 'EN', 'RUSSELL.MASCARENHAS@SIEMENS.COM', '2021-05-07 13:07:37', '2021-05-07 13:09:59', 1),
(1376, 'EN', 'RAGHU.RAMASWAMY@SIEMENS.COM', '2021-05-14 19:30:28', '2021-05-14 19:31:46', 1),
(1377, 'EN', 'HARSHAVARDHAN.AGHAW@SIEMENS.COM', '2021-04-22 17:50:57', '2021-04-22 17:53:28', 1),
(1378, 'EN', 'PRASANNA.DESHPANDE@SIEMENS.COM', '2021-05-14 19:37:51', '2021-05-14 19:39:51', 1),
(1379, 'EN', 'MANOJ.DHARMADHIKARI@SIEMENS.COM', '2021-04-21 18:36:24', '2021-04-21 18:46:47', 1),
(1380, 'EN', 'NITIN.NAIR@SIEMENS.COM', '2021-04-27 17:04:45', '2021-04-27 17:10:41', 1),
(1381, 'EN', 'MANOJ.BELGAONKAR@SIEMENS.COM', '2021-04-23 16:19:48', '2021-04-23 23:12:21', 1),
(1382, 'EN', 'VIJAYSHANKAR.JADHAV@SIEMENS.COM', '2021-05-14 19:40:15', '2021-05-14 19:41:15', 1),
(1383, 'EN', 'MELISA.MENDES@SIEMENS.COM', NULL, NULL, 0),
(1384, 'EN', 'MAHESH.PARKHI@SIEMENS.COM', NULL, NULL, 0),
(1385, 'EN', 'DIPESH.HALDER@SIEMENS.COM', '2021-05-14 19:41:01', '2021-05-14 19:44:55', 1),
(1386, 'EN', 'GAUTAM.KARNIK@SIEMENS.COM', '2021-04-23 15:09:23', '2021-04-23 16:52:17', 1),
(1387, 'EN', 'AJAY.GAIKWAD@SIEMENS.COM', '2021-05-14 14:18:47', '2021-05-14 14:26:18', 1),
(1388, 'EN', 'SHRIKRISHNA.PALANDE@SIEMENS.COM', '2021-05-11 12:06:23', '2021-05-11 15:32:28', 1),
(1389, 'EN', 'RAJESH.LIKHITKAR@SIEMENS.COM', NULL, NULL, 0),
(1390, 'EN', 'PRASAD.RAVERKAR@SIEMENS.COM', '2021-04-23 16:07:32', '2021-04-23 18:03:09', 1),
(1391, 'EN', 'RAMASWAMY.KARUNANITHI@SIEMENS.COM', '2021-05-10 12:49:28', '2021-05-10 21:19:52', 1),
(1392, 'EN', 'V.RAJALAKSHMI@SIEMENS.COM', NULL, NULL, 0),
(1393, 'EN', 'LEENA.JAIN@SIEMENS.COM', '2021-05-14 17:13:09', '2021-05-14 17:24:37', 1),
(1394, 'EN', 'PARESH.VORA@SIEMENS.COM', '2021-05-04 12:30:03', '2021-05-04 12:30:33', 1),
(1395, 'EN', 'BRAJESH.RATHOR@SIEMENS.COM', '2021-05-14 19:02:00', '2021-05-14 19:02:30', 1),
(1396, 'EN', 'SANJAY.IYANAHALLI@SIEMENS.COM', '2021-04-22 12:48:25', '2021-04-22 13:04:31', 1),
(1397, 'EN', 'ABHIJIT.WAVHAL@SIEMENS.COM', NULL, NULL, 0),
(1398, 'EN', 'PRAVIN.SHENOY@SIEMENS.COM', NULL, NULL, 0),
(1399, 'EN', 'VAHIDA.SHAIKH@SIEMENS.COM', NULL, NULL, 0),
(1400, 'EN', 'PRASAD.HARDIKAR@SIEMENS.COM', NULL, NULL, 0),
(1401, 'EN', 'NILESH.SAWANT@SIEMENS.COM', NULL, NULL, 0),
(1402, 'EN', 'SACHIN.SHAHANE@SIEMENS.COM', NULL, NULL, 0),
(1403, 'EN', 'ATUL.JUGADE@SIEMENS.COM', NULL, NULL, 0),
(1404, 'EN', 'PATIL.PRASHANT@SIEMENS.COM', NULL, NULL, 0),
(1405, 'EN', 'SANTOSH.RAJHANS@SIEMENS.COM', NULL, NULL, 0),
(1406, 'EN', 'PRASHANT.BARVE@SIEMENS.COM', NULL, NULL, 0),
(1407, 'EN', 'KIRAN.KANHURKAR@SIEMENS.COM', NULL, NULL, 0),
(1408, 'EN', 'VASANT.NATEKAR@SIEMENS.COM', NULL, NULL, 0),
(1409, 'EN', 'ABHIJEET.DANDEKAR@SIEMENS.COM', NULL, NULL, 0),
(1410, 'EN', 'DHROO.SARAIYA@SIEMENS.COM', NULL, NULL, 0),
(1411, 'EN', 'SHREEKANT.SHAH@SIEMENS.COM', NULL, NULL, 0),
(1412, 'EN', 'KARTIK.MEHTA@SIEMENS.COM', NULL, NULL, 0),
(1413, 'EN', 'UMESH.SHAH@SIEMENS.COM', NULL, NULL, 0),
(1414, 'EN', 'LALIT.JAIN@SIEMENS.COM', NULL, NULL, 0),
(1415, 'EN', 'RAJAL.TRIVEDI@SIEMENS.COM', NULL, NULL, 0),
(1416, 'EN', 'ALPESH.MEHTA@SIEMENS.COM', NULL, NULL, 0),
(1417, 'EN', 'MANDAR.RAULGAONKAR@SIEMENS.COM', NULL, NULL, 0),
(1418, 'EN', 'SACHIN.BHANUSHALI@SIEMENS.COM', NULL, NULL, 0),
(1419, 'EN', 'ABHAY.NERKAR@SIEMENS.COM', NULL, NULL, 0),
(1420, 'EN', 'MILIND.PATIL@SIEMENS.COM', NULL, NULL, 0),
(1421, 'EN', 'DILIP.SATAV@SIEMENS.COM', NULL, NULL, 0),
(1422, 'EN', 'ADITYA.RAMBAKSH@SIEMENS.COM', NULL, NULL, 0),
(1423, 'EN', 'BALASAHEB.SOUNDATTI@SIEMENS.COM', NULL, NULL, 0),
(1424, 'EN', 'SACHIN.SALASKAR@SIEMENS.COM', NULL, NULL, 0),
(1425, 'EN', 'ABHIJIT.TENGSHE@SIEMENS.COM', NULL, NULL, 0),
(1426, 'EN', 'SUDESH.SALIAN@SIEMENS.COM', NULL, NULL, 0),
(1427, 'EN', 'MANGESH.PATIL@SIEMENS.COM', NULL, NULL, 0),
(1428, 'EN', 'ASHISH.SHERE@SIEMENS.COM', NULL, NULL, 0),
(1429, 'EN', 'VIKRAM.KARANDIKAR@SIEMENS.COM', NULL, NULL, 0),
(1430, 'EN', 'TANMAY.DEOKULE@SIEMENS.COM', NULL, NULL, 0),
(1431, 'EN', 'SHAILESH.TAMBATKAR@SIEMENS.COM', NULL, NULL, 0),
(1432, 'EN', 'NILESH.SAKORE@SIEMENS.COM', NULL, NULL, 0),
(1433, 'EN', 'MAKARAND.JOSHI@SIEMENS.COM', NULL, NULL, 0),
(1434, 'EN', 'PRIYA.SALUNKHE@SIEMENS.COM', NULL, NULL, 0),
(1435, 'EN', 'ASHISH.NAIK@SIEMENS.COM', NULL, NULL, 0),
(1436, 'EN', 'SANDEEP.PATASKAR@SIEMENS.COM', NULL, NULL, 0),
(1437, 'EN', 'MILIND.MESTRY@SIEMENS.COM', NULL, NULL, 0),
(1438, 'EN', 'RAHUL.TENDOLKAR@SIEMENS.COM', NULL, NULL, 0),
(1439, 'EN', 'NANDKUMAR.SAWANT@SIEMENS.COM', NULL, NULL, 0),
(1440, 'EN', 'SULE.SACHIN@SIEMENS.COM', NULL, NULL, 0),
(1441, 'EN', 'ARUN.MESTRI@SIEMENS.COM', NULL, NULL, 0),
(1442, 'EN', 'VISHWAJIT.ASHTAPUTRE@SIEMENS.COM', NULL, NULL, 0),
(1443, 'EN', 'WAHAB.SHAIKH@SIEMENS.COM', NULL, NULL, 0),
(1444, 'EN', 'ARUN.KAMBLE@SIEMENS.COM', NULL, NULL, 0),
(1445, 'EN', 'HEMANT.MAHALE@SIEMENS.COM', NULL, NULL, 0),
(1446, 'EN', 'VIKAS.DESAI@SIEMENS.COM', NULL, NULL, 0),
(1447, 'EN', 'ATUL.MORE@SIEMENS.COM', NULL, NULL, 0),
(1448, 'EN', 'SATISH.MORE@SIEMENS.COM', NULL, NULL, 0),
(1449, 'EN', 'PRAVIN.HOSURKAR@SIEMENS.COM', NULL, NULL, 0),
(1450, 'EN', 'KIRAN.BADGUJAR@SIEMENS.COM', NULL, NULL, 0),
(1451, 'EN', 'SAMEER.PRAKASH@SIEMENS.COM', NULL, NULL, 0),
(1452, 'EN', 'LAXMI.CHAMOLI@SIEMENS.COM', NULL, NULL, 0),
(1453, 'EN', 'SUBODH.SHARMA@SIEMENS.COM', NULL, NULL, 0),
(1454, 'EN', 'SWATI.PATHARE@SIEMENS.COM', NULL, NULL, 0),
(1455, 'EN', 'MARY.STALIN@SIEMENS.COM', NULL, NULL, 0),
(1456, 'EN', 'MILIND.KULKARNI@SIEMENS.COM', NULL, NULL, 0),
(1457, 'EN', 'RAJEEV.KULKARNI@SIEMENS.COM', NULL, NULL, 0),
(1458, 'EN', 'PRADIP.BANDSODE@SIEMENS.COM', NULL, NULL, 0),
(1459, 'EN', 'ARVIND.MARKETKAR@SIEMENS.COM', NULL, NULL, 0),
(1460, 'EN', 'IGNATIUS.D_SOUZA@SIEMENS.COM', NULL, NULL, 0),
(1461, 'EN', 'MILIND.KALE@SIEMENS.COM', NULL, NULL, 0),
(1462, 'EN', 'KIRAN.GADRE@SIEMENS.COM', NULL, NULL, 0),
(1463, 'EN', 'PRADEEP.INDULKAR@SIEMENS.COM', NULL, NULL, 0),
(1464, 'EN', 'SUNIL.BHOSALE@SIEMENS.COM', NULL, NULL, 0),
(1465, 'EN', 'KISHOR.CHAUDHARI@SIEMENS.COM', NULL, NULL, 0),
(1466, 'EN', 'PRAVEEN.KHAIRNAR@SIEMENS.COM', NULL, NULL, 0),
(1467, 'EN', 'SWAPNIL.DESHPANDE@SIEMENS.COM', NULL, NULL, 0),
(1468, 'EN', 'SUJIT.JOSHI@SIEMENS.COM', NULL, NULL, 0),
(1469, 'EN', 'ANIRUDHA.HADNURKAR@SIEMENS.COM', NULL, NULL, 0),
(1470, 'EN', 'SAMSON.SAMUEL@SIEMENS.COM', NULL, NULL, 0),
(1471, 'EN', 'ABHIJIT.TAMBAT@SIEMENS.COM', NULL, NULL, 0),
(1472, 'EN', 'DIPAK.PALIWAL@SIEMENS.COM', NULL, NULL, 0),
(1473, 'EN', 'SWAPNIL.DEOSTHALI@SIEMENS.COM', NULL, NULL, 0),
(1474, 'EN', 'VIKAS.MANORIA@SIEMENS.COM', NULL, NULL, 0),
(1475, 'EN', 'NITIN.ADKE@SIEMENS.COM', NULL, NULL, 0),
(1476, 'EN', 'SANJUKTA.DEV@SIEMENS.COM', NULL, NULL, 0),
(1477, 'EN', 'BIRESWAR.ROY@SIEMENS.COM', NULL, NULL, 0),
(1478, 'EN', 'ZAKIRHUSAIN.BAIRAGDAR@SIEMENS.COM', NULL, NULL, 0),
(1479, 'EN', 'SHANTANU.MAZUMDAR@SIEMENS.COM', NULL, NULL, 0),
(1480, 'EN', 'SAIBAL.ROY@SIEMENS.COM', NULL, NULL, 0),
(1481, 'EN', 'SOURAV.SADHUKHAN@SIEMENS.COM', NULL, NULL, 0),
(1482, 'EN', 'SUBRATA.CHATTOPADHYAY@SIEMENS.COM', NULL, NULL, 0),
(1483, 'EN', 'MUKHOPADHYAY.ARINDAM@SIEMENS.COM', NULL, NULL, 0),
(1484, 'EN', 'TIRTHANKAR.BANERJEE@SIEMENS.COM', NULL, NULL, 0),
(1485, 'EN', 'DIPANKAR.KONAR@SIEMENS.COM', NULL, NULL, 0),
(1486, 'EN', 'ANGSHUMAN.ROYCHOUDHURY@SIEMENS.COM', NULL, NULL, 0),
(1487, 'EN', 'CHAKRABORTY.INDRANIL@SIEMENS.COM', NULL, NULL, 0),
(1488, 'EN', 'AMARNATH.KARMAKAR@SIEMENS.COM', NULL, NULL, 0),
(1489, 'EN', 'SOMNATH.BAIDYA@SIEMENS.COM', NULL, NULL, 0),
(1490, 'EN', 'SANDIP.GALAYA@SIEMENS.COM', NULL, NULL, 0),
(1491, 'EN', 'SHOUNAK.PAL@SIEMENS.COM', NULL, NULL, 0),
(1492, 'EN', 'MAHENDIRAN.MURUGAN@SIEMENS.COM', NULL, NULL, 0),
(1493, 'EN', 'BANGERA.RADHIKA@SIEMENS.COM', NULL, NULL, 0),
(1494, 'EN', 'BHARATH.VAKHADE@SIEMENS.COM', NULL, NULL, 0),
(1495, 'EN', 'PRATISH.SHETH@SIEMENS.COM', NULL, NULL, 0),
(1496, 'EN', 'VIVEK.ROY@SIEMENS.COM', NULL, NULL, 0),
(1497, 'EN', 'ANKIT.AHUJA@SIEMENS.COM', NULL, NULL, 0),
(1498, 'EN', 'SANTOSH.GAIKWAD@SIEMENS.COM', NULL, NULL, 0),
(1499, 'EN', 'VIPUL.PATEL@SIEMENS.COM', NULL, NULL, 0),
(1500, 'EN', 'ABHIJEET.BANERJEE@SIEMENS.COM', NULL, NULL, 0),
(1501, 'EN', 'RAMAN.OBEROI@SIEMENS.COM', NULL, NULL, 0),
(1502, 'EN', 'GURUDATTA.PHADKE@SIEMENS.COM', NULL, NULL, 0),
(1503, 'EN', 'SHUBHA.SHETTY@SIEMENS.COM', NULL, NULL, 0),
(1504, 'EN', 'SANJOY.DEY@SIEMENS.COM', NULL, NULL, 0),
(1505, 'EN', 'ARUNESH.SINGH@SIEMENS.COM', NULL, NULL, 0),
(1506, 'EN', 'SANDEEP.BARDE@SIEMENS.COM', NULL, NULL, 0),
(1507, 'EN', 'SINGH.HARPAL@SIEMENS.COM', NULL, NULL, 0),
(1508, 'EN', 'PATIL.VIJAY@SIEMENS.COM', NULL, NULL, 0),
(1509, 'EN', 'AMITABHA.MALLICK@SIEMENS.COM', NULL, NULL, 0),
(1510, 'EN', 'SHIVSHANKAR.CHANDRA_MOULI@SIEMENS.COM', NULL, NULL, 0),
(1511, 'EN', 'KUMAR.CVS@SIEMENS.COM', NULL, NULL, 0),
(1512, 'EN', 'MANJEET.MOR@SIEMENS.COM', NULL, NULL, 0),
(1513, 'EN', 'VINEET.SAXENA@SIEMENS.COM', NULL, NULL, 0),
(1514, 'EN', 'RAMESH.PALANIVEL@SIEMENS.COM', NULL, NULL, 0),
(1515, 'EN', 'SHREENIVAS.DESAI@SIEMENS.COM', NULL, NULL, 0),
(1516, 'EN', 'MADHAVATP.BINDU@SIEMENS.COM', NULL, NULL, 0),
(1517, 'EN', 'ANANT.KULKARNI@SIEMENS.COM', NULL, NULL, 0),
(1518, 'EN', 'HARESH.SHAH@SIEMENS.COM', NULL, NULL, 0),
(1519, 'EN', 'MAHESWARAN.GUNASEKARAN@SIEMENS.COM', NULL, NULL, 0),
(1520, 'EN', 'SHANTHAKUMAR.M@SIEMENS.COM', NULL, NULL, 0),
(1521, 'EN', 'MITESH.SHETH@SIEMENS.COM', NULL, NULL, 0),
(1522, 'EN', 'VEDAVYAS.NAYAK@SIEMENS.COM', NULL, NULL, 0),
(1523, 'EN', 'SUDHEER.TS@SIEMENS.COM', NULL, NULL, 0),
(1524, 'EN', 'PARAG.PINGULKAR@SIEMENS.COM', NULL, NULL, 0),
(1525, 'EN', 'DEEPAK.JADHAV@SIEMENS.COM', NULL, NULL, 0),
(1526, 'EN', 'NILESH.DESHPANDE@SIEMENS.COM', NULL, NULL, 0),
(1527, 'EN', 'AMIT.PATHAK@SIEMENS.COM', NULL, NULL, 0),
(1528, 'EN', 'SOUMIK.MUKHERJEE@SIEMENS.COM', NULL, NULL, 0),
(1529, 'EN', 'AMIT.VAIDYA@SIEMENS.COM', NULL, NULL, 0),
(1530, 'EN', 'SAGAR.SOHONI@SIEMENS.COM', NULL, NULL, 0),
(1531, 'EN', 'SNEHAL.TADKE@SIEMENS.COM', NULL, NULL, 0),
(1532, 'EN', 'SONU.SINGH@SIEMENS.COM', NULL, NULL, 0),
(1533, 'EN', 'VINAY.TODKAR@SIEMENS.COM', NULL, NULL, 0),
(1534, 'EN', 'RAJESH.RAINA@SIEMENS.COM', NULL, NULL, 0),
(1535, 'EN', 'AMBRISH.GUPTA@SIEMENS.COM', NULL, NULL, 0),
(1536, 'EN', 'NILESH.SHAH@SIEMENS.COM', NULL, NULL, 0),
(1537, 'EN', 'ASHVITHA.SHETTY@SIEMENS.COM', NULL, NULL, 0),
(1538, 'EN', 'VINEET.MUSALE@SIEMENS.COM', NULL, NULL, 0),
(1539, 'EN', 'ATUL.SHUKLA@SIEMENS.COM', NULL, NULL, 0),
(1540, 'EN', 'MANALI.ASHTAPUTRE@SIEMENS.COM', NULL, NULL, 0),
(1541, 'EN', 'ASHWANI.GOEL@SIEMENS.COM', NULL, NULL, 0),
(1542, 'EN', 'SUNITA.MIYA@SIEMENS.COM', NULL, NULL, 0),
(1543, 'EN', 'SANDEEP.VAIDYA@SIEMENS.COM', NULL, NULL, 0),
(1544, 'EN', 'ANANTHACHARI.SREERAM@SIEMENS.COM', NULL, NULL, 0),
(1545, 'EN', 'DILIP.BHERE@SIEMENS.COM', NULL, NULL, 0),
(1546, 'EN', 'A.SIVAKUMAR@SIEMENS.COM', NULL, NULL, 0),
(1547, 'EN', 'SUMEDH.GAMARE@SIEMENS.COM', NULL, NULL, 0),
(1548, 'EN', 'PRADEEPSINGH@SIEMENS.COM', NULL, NULL, 0),
(1549, 'EN', 'SANDIP.TALWARE@SIEMENS.COM', NULL, NULL, 0),
(1550, 'EN', 'BRIJENDRA.YADAV@SIEMENS.COM', NULL, NULL, 0),
(1551, 'EN', 'MAINAK.CHAKRABORTTY@SIEMENS.COM', NULL, NULL, 0),
(1552, 'EN', 'RAMIT.MEHRA@SIEMENS.COM', NULL, NULL, 0),
(1553, 'EN', 'SUJYOTI.BAGAYATKAR@SIEMENS.COM', NULL, NULL, 0),
(1554, 'EN', 'BIROJ.NAYAK@SIEMENS.COM', NULL, NULL, 0),
(1555, 'EN', 'JOSEPH.SCARIA@SIEMENS.COM', NULL, NULL, 0),
(1556, 'EN', 'SUBASH.VR@SIEMENS.COM', NULL, NULL, 0),
(1557, 'EN', 'VISHAL.PAWAR@SIEMENS.COM', NULL, NULL, 0),
(1558, 'EN', 'DHANANJAY.BHAVSAR@SIEMENS.COM', NULL, NULL, 0),
(1559, 'EN', 'SAGAR.RAJE@SIEMENS.COM', NULL, NULL, 0),
(1560, 'EN', 'ASHOK.LAGISHETTY@SIEMENS.COM', NULL, NULL, 0),
(1561, 'EN', 'ASHISH.MANGLA@SIEMENS.COM', NULL, NULL, 0),
(1562, 'EN', 'SUMIT.SENGUPTA@SIEMENS.COM', NULL, NULL, 0),
(1563, 'EN', 'SHIVAJI.KAKADE@SIEMENS.COM', NULL, NULL, 0),
(1564, 'EN', 'SHALIN.SHAH@SIEMENS.COM', NULL, NULL, 0),
(1565, 'EN', 'ATUL.NAVADKAR@SIEMENS.COM', NULL, NULL, 0),
(1566, 'EN', 'GOPIKRISHNA.CHINTALA@SIEMENS.COM', NULL, NULL, 0),
(1567, 'EN', 'NEETA.SAWANT@SIEMENS.COM', NULL, NULL, 0),
(1568, 'EN', 'NITINBANSAL@SIEMENS.COM', NULL, NULL, 0),
(1569, 'EN', 'SUNIL.SINGLA@SIEMENS.COM', NULL, NULL, 0),
(1570, 'EN', 'MAYANK.NIGAM@SIEMENS.COM', NULL, NULL, 0),
(1571, 'EN', 'ATUL.DALVI@SIEMENS.COM', NULL, NULL, 0),
(1572, 'EN', 'VASUDEVAN.TK@SIEMENS.COM', NULL, NULL, 0),
(1573, 'EN', 'JAVED.PINJARI@SIEMENS.COM', NULL, NULL, 0),
(1574, 'EN', 'RESHMA.GUJARAN@SIEMENS.COM', NULL, NULL, 0),
(1575, 'EN', 'VINOD.BHAWAR@SIEMENS.COM', NULL, NULL, 0),
(1576, 'EN', 'KALPESHPATEL@SIEMENS.COM', NULL, NULL, 0),
(1577, 'EN', 'ROHIT.DARJI@SIEMENS.COM', NULL, NULL, 0),
(1578, 'EN', 'BRIJESH.GUPTA@SIEMENS.COM', NULL, NULL, 0),
(1579, 'EN', 'GIRISH.POPHALE@SIEMENS.COM', NULL, NULL, 0),
(1580, 'EN', 'SOBHAN.SENGUPTA@SIEMENS.COM', NULL, NULL, 0),
(1581, 'EN', 'PRANEETH.M@SIEMENS.COM', NULL, NULL, 0),
(1582, 'EN', 'MUTHUKUMAR.V@SIEMENS.COM', NULL, NULL, 0),
(1583, 'EN', 'ASHUTOSH.CHITRE@SIEMENS.COM', NULL, NULL, 0),
(1584, 'EN', 'PARAG.RATHI@SIEMENS.COM', NULL, NULL, 0),
(1585, 'EN', 'REDDY.SANDEEP@SIEMENS.COM', NULL, NULL, 0),
(1586, 'EN', 'LAKSHMANAN.S@SIEMENS.COM', NULL, NULL, 0),
(1587, 'EN', 'S.ANAND@SIEMENS.COM', NULL, NULL, 0),
(1588, 'EN', 'MOHAMMED.AKMAL@SIEMENS.COM', NULL, NULL, 0),
(1589, 'EN', 'PRAJAKTA.VELANKAR@SIEMENS.COM', NULL, NULL, 0),
(1590, 'EN', 'ANUP.BADAVE@SIEMENS.COM', NULL, NULL, 0),
(1591, 'EN', 'ANINDYA.SINGH@SIEMENS.COM', NULL, NULL, 0),
(1592, 'EN', 'NAVEENKUMAR@SIEMENS.COM', NULL, NULL, 0),
(1593, 'EN', 'ANAMITRA.MAJUMDAR@SIEMENS.COM', NULL, NULL, 0),
(1594, 'EN', 'PARAG.DAWDA@SIEMENS.COM', NULL, NULL, 0),
(1595, 'EN', 'MITHUN.NAIK@SIEMENS.COM', NULL, NULL, 0),
(1596, 'EN', 'PINAK.BHATT@SIEMENS.COM', NULL, NULL, 0),
(1597, 'EN', 'SOURAV.NAG@SIEMENS.COM', NULL, NULL, 0),
(1598, 'EN', 'VINAYAK.PATIL@SIEMENS.COM', NULL, NULL, 0),
(1599, 'EN', 'RANDEEP.GHADI@SIEMENS.COM', NULL, NULL, 0),
(1600, 'EN', 'SUBRAMANI.R@SIEMENS.COM', NULL, NULL, 0),
(1601, 'EN', 'JANARDHANAN.J@SIEMENS.COM', NULL, NULL, 0),
(1602, 'EN', 'SANDEEP.SALUNKE@SIEMENS.COM', NULL, NULL, 0),
(1603, 'EN', 'TEJAS.PATEL@SIEMENS.COM', NULL, NULL, 0),
(1604, 'EN', 'PAWAN.NARYAL@SIEMENS.COM', NULL, NULL, 0),
(1605, 'EN', 'PIYUSH.THAKER@SIEMENS.COM', NULL, NULL, 0),
(1606, 'EN', 'DEBABRATA.DUTTA@SIEMENS.COM', NULL, NULL, 0),
(1607, 'EN', 'PRAVIN.DIVEKAR@SIEMENS.COM', NULL, NULL, 0),
(1608, 'EN', 'SONAM.SHELAR@SIEMENS.COM', NULL, NULL, 0),
(1609, 'EN', 'SUBHANKAR.GHOSH@SIEMENS.COM', NULL, NULL, 0),
(1610, 'EN', 'PRITAM.BASUMALLICK@SIEMENS.COM', NULL, NULL, 0),
(1611, 'EN', 'PADAM.SHARMA@SIEMENS.COM', NULL, NULL, 0),
(1612, 'EN', 'GURVINDER.SINGH@SIEMENS.COM', NULL, NULL, 0),
(1613, 'EN', 'ROHIT.SURVE@SIEMENS.COM', NULL, NULL, 0),
(1614, 'EN', 'SIVAPRAKASAM.R@SIEMENS.COM', NULL, NULL, 0),
(1615, 'EN', 'BHARATHIDHASAN.M@SIEMENS.COM', NULL, NULL, 0),
(1616, 'EN', 'MOHANKUMAR.P@SIEMENS.COM', NULL, NULL, 0),
(1617, 'EN', 'CHANDRAKANT.KESHRANI@SIEMENS.COM', NULL, NULL, 0),
(1618, 'EN', 'KIM.SEQUEIRA@SIEMENS.COM', NULL, NULL, 0),
(1619, 'EN', 'BIKRAM.SARKAR@SIEMENS.COM', NULL, NULL, 0),
(1620, 'EN', 'SACHIN.CHAVAN@SIEMENS.COM', NULL, NULL, 0),
(1621, 'EN', 'SUYOG.KULKARNI@SIEMENS.COM', NULL, NULL, 0),
(1622, 'EN', 'CHANDRASHEKHAR.TIWARI@SIEMENS.COM', NULL, NULL, 0),
(1623, 'EN', 'ANAND.GAWADE@SIEMENS.COM', NULL, NULL, 0),
(1624, 'EN', 'URJIT.NAIK@SIEMENS.COM', NULL, NULL, 0),
(1625, 'EN', 'RAVINDRA.MORE@SIEMENS.COM', NULL, NULL, 0),
(1626, 'EN', 'R.RANGANATHAN@SIEMENS.COM', NULL, NULL, 0),
(1627, 'EN', 'THANGAPANDIYAN.R@SIEMENS.COM', NULL, NULL, 0),
(1628, 'EN', 'DESHPANDE.SACHIN@SIEMENS.COM', NULL, NULL, 0),
(1629, 'EN', 'RUBENGERALD.S@SIEMENS.COM', NULL, NULL, 0),
(1630, 'EN', 'VIVEK.KK@SIEMENS.COM', NULL, NULL, 0),
(1631, 'EN', 'ARUP.MITRA@SIEMENS.COM', NULL, NULL, 0),
(1632, 'EN', 'ASHOK.TEKCHANDANI@SIEMENS.COM', NULL, NULL, 0),
(1633, 'EN', 'KOUSTUBH.KULKARNI@SIEMENS.COM', NULL, NULL, 0),
(1634, 'EN', 'MUTHUMANIKAM.L@SIEMENS.COM', NULL, NULL, 0),
(1635, 'EN', 'SHAH.PRATIK@SIEMENS.COM', NULL, NULL, 0),
(1636, 'EN', 'SUNAYANA.JADHAV@SIEMENS.COM', NULL, NULL, 0),
(1637, 'EN', 'KAMALANABAN.TV@SIEMENS.COM', NULL, NULL, 0),
(1638, 'EN', 'NITIN.MALPURE@SIEMENS.COM', NULL, NULL, 0),
(1639, 'EN', 'JAYESH.BHAVSAR@SIEMENS.COM', NULL, NULL, 0),
(1640, 'EN', 'GAJANAN.JADHAV@SIEMENS.COM', NULL, NULL, 0),
(1641, 'EN', 'YOGENDER.KUMAR@SIEMENS.COM', NULL, NULL, 0),
(1642, 'EN', 'VIJAY.CHAVAN@SIEMENS.COM', NULL, NULL, 0),
(1643, 'EN', 'BIPLAB.DATTA@SIEMENS.COM', NULL, NULL, 0),
(1644, 'EN', 'ANAND.BANKAR@SIEMENS.COM', NULL, NULL, 0),
(1645, 'EN', 'SHOBHA.DEVADIGA@SIEMENS.COM', NULL, NULL, 0),
(1646, 'EN', 'RAKESH.KACHOLIA@SIEMENS.COM', NULL, NULL, 0),
(1647, 'EN', 'MADHURI.SARAF@SIEMENS.COM', NULL, NULL, 0),
(1648, 'EN', 'SANDIP.PAWAR@SIEMENS.COM', NULL, NULL, 0),
(1649, 'EN', 'AMBICA.ZUTSHI@SIEMENS.COM', NULL, NULL, 0),
(1650, 'EN', 'SAMUEL.PRASAD@SIEMENS.COM', NULL, NULL, 0),
(1651, 'EN', 'KAVITA.SHARMA@SIEMENS.COM', NULL, NULL, 0),
(1652, 'EN', 'SATISH.SHIVTARKAR@SIEMENS.COM', NULL, NULL, 0),
(1653, 'EN', 'KAILAS.KULKARNI@SIEMENS.COM', NULL, NULL, 0),
(1654, 'EN', 'MURALIKRISHNAN.M@SIEMENS.COM', NULL, NULL, 0),
(1655, 'EN', 'SHITAL.SEN@SIEMENS.COM', NULL, NULL, 0),
(1656, 'EN', 'JATIN.KUMAR@SIEMENS.COM', NULL, NULL, 0),
(1657, 'EN', 'SHAILENDRA.BHORKAR@SIEMENS.COM', NULL, NULL, 0),
(1658, 'EN', 'DHANAJI.GHOLAP@SIEMENS.COM', NULL, NULL, 0),
(1659, 'EN', 'GANESH.CHAUDHARI@SIEMENS.COM', NULL, NULL, 0),
(1660, 'EN', 'KEDAR.DINGORE@SIEMENS.COM', NULL, NULL, 0),
(1661, 'EN', 'ASHAY.DESHMUKH@SIEMENS.COM', NULL, NULL, 0),
(1662, 'EN', 'NIRAJ.PITHVA@SIEMENS.COM', NULL, NULL, 0),
(1663, 'EN', 'PARAS.SHAH@SIEMENS.COM', NULL, NULL, 0),
(1664, 'EN', 'NANDAKUMAR.B@SIEMENS.COM', NULL, NULL, 0),
(1665, 'EN', 'DARSHANA.SHIRKE@SIEMENS.COM', NULL, NULL, 0),
(1666, 'EN', 'MOHINI.HANWATE@SIEMENS.COM', NULL, NULL, 0),
(1667, 'EN', 'JAYESH.SHAH@SIEMENS.COM', NULL, NULL, 0),
(1668, 'EN', 'RAMKUMAR.S@SIEMENS.COM', NULL, NULL, 0),
(1669, 'EN', 'VIRAL.KHANDWALA@SIEMENS.COM', NULL, NULL, 0),
(1670, 'EN', 'LATHA.PHILIP@SIEMENS.COM', NULL, NULL, 0),
(1671, 'EN', 'ANKUR.CHOKSHI@SIEMENS.COM', NULL, NULL, 0),
(1672, 'EN', 'KAUSHAL.CHAUHAN@SIEMENS.COM', NULL, NULL, 0),
(1673, 'EN', 'SUNNY.SASIDHARAN@SIEMENS.COM', NULL, NULL, 0),
(1674, 'EN', 'ADIL.SAJID@SIEMENS.COM', NULL, NULL, 0),
(1675, 'EN', 'SAYANTAN.GHOSH@SIEMENS.COM', NULL, NULL, 0),
(1676, 'EN', 'SUBHOJIT.HAZRA@SIEMENS.COM', NULL, NULL, 0),
(1677, 'EN', 'SUHAS.KAKADE@SIEMENS.COM', NULL, NULL, 0),
(1678, 'EN', 'ARNAB.DUTTA@SIEMENS.COM', NULL, NULL, 0),
(1679, 'EN', 'PRAMOD.MULAYE@SIEMENS.COM', NULL, NULL, 0),
(1680, 'EN', 'NAYEEM.MOHAMMED@SIEMENS.COM', NULL, NULL, 0),
(1681, 'EN', 'VIVEK.PATEL@SIEMENS.COM', NULL, NULL, 0),
(1682, 'EN', 'ABOOBAKAR.KHAN@SIEMENS.COM', NULL, NULL, 0),
(1683, 'EN', 'ARUN.VEER@SIEMENS.COM', NULL, NULL, 0),
(1684, 'EN', 'SURESHKANNAN.R@SIEMENS.COM', NULL, NULL, 0),
(1685, 'EN', 'SATHYA.SURI@SIEMENS.COM', NULL, NULL, 0),
(1686, 'EN', 'VAISHALI.KUMBARGERI@SIEMENS.COM', NULL, NULL, 0),
(1687, 'EN', 'ROHIT.SETH@SIEMENS.COM', NULL, NULL, 0),
(1688, 'EN', 'AKASH.JOSHI@SIEMENS.COM', NULL, NULL, 0),
(1689, 'EN', 'FIROZ.ELAHI@SIEMENS.COM', NULL, NULL, 0),
(1690, 'EN', 'DEEPAKUMARAN.R@SIEMENS.COM', NULL, NULL, 0),
(1691, 'EN', 'SUBIRKANTI.DAS@SIEMENS.COM', NULL, NULL, 0),
(1692, 'EN', 'SAMEER.MESTRY@SIEMENS.COM', NULL, NULL, 0),
(1693, 'EN', 'APALA.MITRA@SIEMENS.COM', NULL, NULL, 0),
(1694, 'EN', 'KIRAN.SHINDE@SIEMENS.COM', NULL, NULL, 0),
(1695, 'EN', 'AMIT.BANDYOPADHYAY@SIEMENS.COM', NULL, NULL, 0),
(1696, 'EN', 'NAVEEN.SN@SIEMENS.COM', NULL, NULL, 0),
(1697, 'EN', 'GOKUL.PATIL@SIEMENS.COM', NULL, NULL, 0),
(1698, 'EN', 'ASHUTOSH.SHETE@SIEMENS.COM', NULL, NULL, 0),
(1699, 'EN', 'SANJAY.LONKAR@SIEMENS.COM', NULL, NULL, 0),
(1700, 'EN', 'MURALIKRISHNA.TUMATI@SIEMENS.COM', NULL, NULL, 0),
(1701, 'EN', 'KIRAN.KAMBLE@SIEMENS.COM', NULL, NULL, 0),
(1702, 'EN', 'VAIBHAV.DALAL@SIEMENS.COM', NULL, NULL, 0),
(1703, 'EN', 'KISHORE.LINGAMNENI@SIEMENS.COM', NULL, NULL, 0),
(1704, 'EN', 'SHRIGOPAL.MISHRA@SIEMENS.COM', NULL, NULL, 0),
(1705, 'EN', 'DEEPAK.BENIWAL@SIEMENS.COM', NULL, NULL, 0),
(1706, 'EN', 'YOGESH.KULKARNI@SIEMENS.COM', NULL, NULL, 0),
(1707, 'EN', 'SUBRAMANIAM.MURALI@SIEMENS.COM', NULL, NULL, 0),
(1708, 'EN', 'PANKAJ.BALAKHE@SIEMENS.COM', NULL, NULL, 0),
(1709, 'EN', 'JAIN.VIKAS@SIEMENS.COM', NULL, NULL, 0),
(1710, 'EN', 'RAHUL.DAS@SIEMENS.COM', NULL, NULL, 0),
(1711, 'EN', 'ROHIT.JAGGA@SIEMENS.COM', NULL, NULL, 0),
(1712, 'EN', 'PATEL.JIGNESH@SIEMENS.COM', NULL, NULL, 0),
(1713, 'EN', 'RAJESH.PAL@SIEMENS.COM', NULL, NULL, 0),
(1714, 'EN', 'NANDAKUMAR.NARASIMHAN@SIEMENS.COM', NULL, NULL, 0),
(1715, 'EN', 'KIRAN.GADDE@SIEMENS.COM', NULL, NULL, 0),
(1716, 'EN', 'HIREN.RAITHATHA@SIEMENS.COM', NULL, NULL, 0),
(1717, 'EN', 'PRADEEP.AJADIA@SIEMENS.COM', NULL, NULL, 0),
(1718, 'EN', 'AMIT.WADEKAR@SIEMENS.COM', NULL, NULL, 0),
(1719, 'EN', 'PAWAR.PRASHANT@SIEMENS.COM', NULL, NULL, 0),
(1720, 'EN', 'NAMIT.JETLY@SIEMENS.COM', NULL, NULL, 0),
(1721, 'EN', 'SHOAIB.KAZI@SIEMENS.COM', NULL, NULL, 0),
(1722, 'EN', 'RAAVI.KULKARNI@SIEMENS.COM', '2021-05-05 16:37:27', '2021-05-05 17:58:42', 1),
(1723, 'EN', 'SRINIVASAN.ALLAMADEVAN@SIEMENS.COM', NULL, NULL, 0),
(1724, 'EN', 'BOOPATHY.SIVATHANU@SIEMENS.COM', '2021-04-26 11:47:25', '2021-04-26 14:29:45', 1),
(1725, 'EN', 'ATUL.ROKADE@SIEMENS.COM', NULL, NULL, 0),
(1726, 'EN', 'SANDEEP.SURVE@SIEMENS.COM', NULL, NULL, 0),
(1727, 'EN', 'NITESH.PARAB@SIEMENS.COM', '2021-05-10 12:38:47', '2021-05-10 12:58:11', 1),
(1728, 'EN', 'KUMAR.DEEPAK@SIEMENS.COM', NULL, NULL, 0),
(1729, 'EN', 'PRIYANKA.SAWANT@SIEMENS.COM', '2021-04-27 09:27:28', '2021-04-27 09:30:46', 1),
(1730, 'EN', 'KISHAN.ANDURE@SIEMENS.COM', '2021-05-10 12:45:24', '2021-05-10 14:24:00', 1),
(1731, 'EN', 'MANGESH.SOPNAR@SIEMENS.COM', '2021-04-26 16:22:39', '2021-04-26 19:19:45', 1),
(1732, 'EN', 'MONDRIAN.SENGUPTA@SIEMENS.COM', NULL, NULL, 0),
(1733, 'EN', 'RAJESH.CHATTERJEE@SIEMENS.COM', NULL, NULL, 0),
(1734, 'EN', 'DILIP.GHORAI@SIEMENS.COM', NULL, NULL, 0),
(1735, 'EN', 'GAGAN.TANEJA@SIEMENS.COM', NULL, NULL, 0),
(1736, 'EN', 'SANTANU.DEB@SIEMENS.COM', '2021-04-27 11:25:51', '2021-04-27 11:54:21', 1),
(1737, 'EN', 'PREM.JAGADEESAN@SIEMENS.COM', NULL, NULL, 0),
(1738, 'EN', 'M.MARIMUTHU@SIEMENS.COM', NULL, NULL, 0),
(1739, 'EN', 'NAIR.VINOD@SIEMENS.COM', NULL, NULL, 0),
(1740, 'EN', 'KEDAR.KULKARNI@SIEMENS.COM', NULL, NULL, 0),
(1741, 'EN', 'AVANTI.SATAM@SIEMENS.COM', NULL, NULL, 0),
(1742, 'EN', 'SAMEER.TIVLEKAR@SIEMENS.COM', '2021-04-27 09:31:37', '2021-04-27 15:07:18', 1),
(1743, 'EN', 'MAHESH.ZAMBARE@SIEMENS.COM', NULL, NULL, 0),
(1744, 'EN', 'DEEPAK.DOKE@SIEMENS.COM', NULL, NULL, 0),
(1745, 'EN', 'VILAS.YEOLE@SIEMENS.COM', NULL, NULL, 0);
INSERT INTO `tbl_users` (`id`, `emp_name`, `emp_code`, `login_date`, `logout_date`, `logout_status`) VALUES
(1746, 'EN', 'SANTOSH.TULASKAR@SIEMENS.COM', NULL, NULL, 0),
(1747, 'EN', 'MANAS.SAHU@SIEMENS.COM', NULL, NULL, 0),
(1748, 'EN', 'SANJAY.BK@SIEMENS.COM', NULL, NULL, 0),
(1749, 'EN', 'AJAY.MISHRA@SIEMENS.COM', NULL, NULL, 0),
(1750, 'EN', 'DEBASHIS.BISWAS@SIEMENS.COM', NULL, NULL, 0),
(1751, 'EN', 'SAURABH.PATHAK@SIEMENS.COM', NULL, NULL, 0),
(1752, 'EN', 'SHARMARAJEEV@SIEMENS.COM', NULL, NULL, 0),
(1753, 'EN', 'PRASHANT.BANDAL@SIEMENS.COM', NULL, NULL, 0),
(1754, 'EN', 'PATIL.GAJANAN@SIEMENS.COM', NULL, NULL, 0),
(1755, 'EN', 'ROHAN.BHANUSHALI@SIEMENS.COM', NULL, NULL, 0),
(1756, 'EN', 'ROHIT.NANDAN@SIEMENS.COM', NULL, NULL, 0),
(1757, 'EN', 'HEMANTJAIN@SIEMENS.COM', NULL, NULL, 0),
(1758, 'EN', 'MILIND.PATEL@SIEMENS.COM', NULL, NULL, 0),
(1759, 'EN', 'DHANASEKHAR.MARAKA@SIEMENS.COM', NULL, NULL, 0),
(1760, 'EN', 'KRUNAL.KAPADIA@SIEMENS.COM', NULL, NULL, 0),
(1761, 'EN', 'SENBAGAGANESH.I@SIEMENS.COM', NULL, NULL, 0),
(1762, 'EN', 'MD.KASHIF@SIEMENS.COM', NULL, NULL, 0),
(1763, 'EN', 'ABU.TALHA@SIEMENS.COM', NULL, NULL, 0),
(1764, 'EN', 'PAREKH.TEJAS@SIEMENS.COM', NULL, NULL, 0),
(1765, 'EN', 'NITIN.VERMA@SIEMENS.COM', NULL, NULL, 0),
(1766, 'EN', 'ROY.SANJIB@SIEMENS.COM', NULL, NULL, 0),
(1767, 'EN', 'BHIMGOUDA.GOUDAR@SIEMENS.COM', NULL, NULL, 0),
(1768, 'EN', 'OMPRAKASH.NAIK@SIEMENS.COM', NULL, NULL, 0),
(1769, 'EN', 'CHINMAY.DAVE@SIEMENS.COM', NULL, NULL, 0),
(1770, 'EN', 'BHAVESH.SHAH@SIEMENS.COM', NULL, NULL, 0),
(1771, 'EN', 'MURUGARAJ.S@SIEMENS.COM', NULL, NULL, 0),
(1772, 'EN', 'SAMBARAN.DEY@SIEMENS.COM', NULL, NULL, 0),
(1773, 'EN', 'ABHINAY.GOEL@SIEMENS.COM', NULL, NULL, 0),
(1774, 'EN', 'VIKAS.DHIVAR@SIEMENS.COM', NULL, NULL, 0),
(1775, 'EN', 'KUMARSK@SIEMENS.COM', NULL, NULL, 0),
(1776, 'EN', 'TARAKNATH.MAJUMDER@SIEMENS.COM', NULL, NULL, 0),
(1777, 'EN', 'SANJAY.BORKAR@SIEMENS.COM', NULL, NULL, 0),
(1778, 'EN', 'MOHAMMED.SHAHNAWAZ@SIEMENS.COM', NULL, NULL, 0),
(1779, 'EN', 'SAGAR.SANE@SIEMENS.COM', NULL, NULL, 0),
(1780, 'EN', 'ABHINAV.RASTOGI@SIEMENS.COM', NULL, NULL, 0),
(1781, 'EN', 'MAYURESH.DIKSHIT@SIEMENS.COM', NULL, NULL, 0),
(1782, 'EN', 'KRISHNAKANTA.GHOSH@SIEMENS.COM', NULL, NULL, 0),
(1783, 'EN', 'MOORTHY.KM@SIEMENS.COM', NULL, NULL, 0),
(1784, 'EN', 'PRADEEP.CHANDAK@SIEMENS.COM', NULL, NULL, 0),
(1785, 'EN', 'HRISHIKESH.KULKARNI@SIEMENS.COM', NULL, NULL, 0),
(1786, 'EN', 'SINGH.MANOJ@SIEMENS.COM', NULL, NULL, 0),
(1787, 'EN', 'PRITAM.PATRA@SIEMENS.COM', NULL, NULL, 0),
(1788, 'EN', 'MAHESH.CHAUDHARY@SIEMENS.COM', NULL, NULL, 0),
(1789, 'EN', 'PHANIKUMAR.KKL@SIEMENS.COM', NULL, NULL, 0),
(1790, 'EN', 'MAHENDRA.BHARAMBE@SIEMENS.COM', NULL, NULL, 0),
(1791, 'EN', 'PRASAD.KADAM@SIEMENS.COM', NULL, NULL, 0),
(1792, 'EN', 'STALIN.MUTHAPPA@SIEMENS.COM', NULL, NULL, 0),
(1793, 'EN', 'SAMEER.ANGADI@SIEMENS.COM', NULL, NULL, 0),
(1794, 'EN', 'MUTHU.KUMAR@SIEMENS.COM', NULL, NULL, 0),
(1795, 'EN', 'VIJAYKIRAN.MEDURI@SIEMENS.COM', NULL, NULL, 0),
(1796, 'EN', 'AMOL.PAWAR@SIEMENS.COM', NULL, NULL, 0),
(1797, 'EN', 'KAUSHIK.TRIVEDI@SIEMENS.COM', NULL, NULL, 0),
(1798, 'EN', 'MAHESH.PATTANAIK@SIEMENS.COM', NULL, NULL, 0),
(1799, 'EN', 'PAROMITA.MAJUMDAR@SIEMENS.COM', NULL, NULL, 0),
(1800, 'EN', 'KH.GIRISH@SIEMENS.COM', NULL, NULL, 0),
(1801, 'EN', 'ROHINTON.PATEL@SIEMENS.COM', NULL, NULL, 0),
(1802, 'EN', 'DEBASISH.SEN@SIEMENS.COM', NULL, NULL, 0),
(1803, 'EN', 'SANDEEP.KADLAK@SIEMENS.COM', NULL, NULL, 0),
(1804, 'EN', 'PANKAJKUMAR@SIEMENS.COM', NULL, NULL, 0),
(1805, 'EN', 'NATASHA.DUTTA@SIEMENS.COM', NULL, NULL, 0),
(1806, 'EN', 'SARKAR.SAIKAT@SIEMENS.COM', NULL, NULL, 0),
(1807, 'EN', 'DAKSHES.SUKHIA@SIEMENS.COM', NULL, NULL, 0),
(1808, 'EN', 'BOOPATHI.M@SIEMENS.COM', NULL, NULL, 0),
(1809, 'EN', 'VRUSHANK.SHAH@SIEMENS.COM', NULL, NULL, 0),
(1810, 'EN', 'JAIN.NISHANT@SIEMENS.COM', NULL, NULL, 0),
(1811, 'EN', 'PROSENJIT.MITRA@SIEMENS.COM', NULL, NULL, 0),
(1812, 'EN', 'MEHAL.PATEL@SIEMENS.COM', NULL, NULL, 0),
(1813, 'EN', 'MITUL.KAPADIA@SIEMENS.COM', NULL, NULL, 0),
(1814, 'EN', 'PONNIVALAVAN.P@SIEMENS.COM', NULL, NULL, 0),
(1815, 'EN', 'GANESH.GAWADA@SIEMENS.COM', NULL, NULL, 0),
(1816, 'EN', 'RAMANATHAN.ULAGANATHAN@SIEMENS.COM', NULL, NULL, 0),
(1817, 'EN', 'PRATHISH.T_M@SIEMENS.COM', NULL, NULL, 0),
(1818, 'EN', 'SHAH.JIGNESH@SIEMENS.COM', NULL, NULL, 0),
(1819, 'EN', 'ASHISH.SHISHODIA@SIEMENS.COM', NULL, NULL, 0),
(1820, 'EN', 'DINESH.RAJAIAN@SIEMENS.COM', NULL, NULL, 0),
(1821, 'EN', 'RAJAKUMAR.K@SIEMENS.COM', NULL, NULL, 0),
(1822, 'EN', 'KUMAR.MANISH@SIEMENS.COM', NULL, NULL, 0),
(1823, 'EN', 'HARISH.SONI@SIEMENS.COM', NULL, NULL, 0),
(1824, 'EN', 'DHAWAL.SAMANT@SIEMENS.COM', NULL, NULL, 0),
(1825, 'EN', 'CHAITANYA.PATANKAR@SIEMENS.COM', NULL, NULL, 0),
(1826, 'EN', 'VIKASH_KUMAR.SINGH@SIEMENS.COM', NULL, NULL, 0),
(1827, 'EN', 'MEGHA.MUKHERJEE@SIEMENS.COM', NULL, NULL, 0),
(1828, 'EN', 'ROHIT.BHARDWAJ@SIEMENS.COM', NULL, NULL, 0),
(1829, 'EN', 'HIMANSHU.KAUSHIK@SIEMENS.COM', NULL, NULL, 0),
(1830, 'EN', 'BREEZEL.DAVID@SIEMENS.COM', NULL, NULL, 0),
(1831, 'EN', 'SNEHA.SHETTY@SIEMENS.COM', NULL, NULL, 0),
(1832, 'EN', 'HIREN.KAPASI@SIEMENS.COM', NULL, NULL, 0),
(1833, 'EN', 'ASHVINI.NAIK@SIEMENS.COM', NULL, NULL, 0),
(1834, 'EN', 'GOVIND.AVHAD@SIEMENS.COM', NULL, NULL, 0),
(1835, 'EN', 'PRASAD.MARATHE@SIEMENS.COM', NULL, NULL, 0),
(1836, 'EN', 'KALYAN.ROY@SIEMENS.COM', NULL, NULL, 0),
(1837, 'EN', 'ANUP.VITHALANI@SIEMENS.COM', NULL, NULL, 0),
(1838, 'EN', 'KUNAL.GUPTE@SIEMENS.COM', NULL, NULL, 0),
(1839, 'EN', 'RATHEESH.RAJEEVAN@SIEMENS.COM', NULL, NULL, 0),
(1840, 'EN', 'DHANANJAY.JADHAV@SIEMENS.COM', NULL, NULL, 0),
(1841, 'EN', 'DEEPAK.TOSHNIWAL@SIEMENS.COM', NULL, NULL, 0),
(1842, 'EN', 'GIRISH.V_NAIR@SIEMENS.COM', NULL, NULL, 0),
(1843, 'EN', 'KULKARNI.SHRIDHAR@SIEMENS.COM', NULL, NULL, 0),
(1844, 'EN', 'MANOJ.THAKOR@SIEMENS.COM', NULL, NULL, 0),
(1845, 'EN', 'SUSHILKUMAR.PATIL@SIEMENS.COM', NULL, NULL, 0),
(1846, 'EN', 'VIDYA.PATIL@SIEMENS.COM', NULL, NULL, 0),
(1847, 'EN', 'AGRAWAL.NEERAJ@SIEMENS.COM', NULL, NULL, 0),
(1848, 'EN', 'ARPIT.AGARWAL@SIEMENS.COM', NULL, NULL, 0),
(1849, 'EN', 'VINAYKUMAR@SIEMENS.COM', NULL, NULL, 0),
(1850, 'EN', 'RABINDRA.SAHA@SIEMENS.COM', NULL, NULL, 0),
(1851, 'EN', 'JITENDRA.CHOUDHARY@SIEMENS.COM', NULL, NULL, 0),
(1852, 'EN', 'CHETAN.YADAV@SIEMENS.COM', NULL, NULL, 0),
(1853, 'EN', 'GITESH.DUKHANDE@SIEMENS.COM', NULL, NULL, 0),
(1854, 'EN', 'ASHWINKUMAR.INAMDAR@SIEMENS.COM', NULL, NULL, 0),
(1855, 'EN', 'RAJESH.NAIDU@SIEMENS.COM', NULL, NULL, 0),
(1856, 'EN', 'SONI.SACHIN@SIEMENS.COM', NULL, NULL, 0),
(1857, 'EN', 'RAGHURAJ.BISEN@SIEMENS.COM', NULL, NULL, 0),
(1858, 'EN', 'SACHIN.MANKUMBRE@SIEMENS.COM', NULL, NULL, 0),
(1859, 'EN', 'NARESH.VERMA@SIEMENS.COM', NULL, NULL, 0),
(1860, 'EN', 'PANDEY.ABHISHEK@SIEMENS.COM', NULL, NULL, 0),
(1861, 'EN', 'SANDESH.SALKE@SIEMENS.COM', NULL, NULL, 0),
(1862, 'EN', 'AMOL.AHIRRAO@SIEMENS.COM', NULL, NULL, 0),
(1863, 'EN', 'VIKRAM.PATADE@SIEMENS.COM', NULL, NULL, 0),
(1864, 'EN', 'YOGITA.HALDIVE@SIEMENS.COM', NULL, NULL, 0),
(1865, 'EN', 'PATHAK.AMIT@SIEMENS.COM', NULL, NULL, 0),
(1866, 'EN', 'B.SARAVANAN@SIEMENS.COM', NULL, NULL, 0),
(1867, 'EN', 'JADHAV.GAJANAN@SIEMENS.COM', NULL, NULL, 0),
(1868, 'EN', 'ASHIS.GUHA@SIEMENS.COM', NULL, NULL, 0),
(1869, 'EN', 'AROKIARAJ.D@SIEMENS.COM', NULL, NULL, 0),
(1870, 'EN', 'AMRITA.SINGH@SIEMENS.COM', NULL, NULL, 0),
(1871, 'EN', 'SIVAKUMARAN.AD@SIEMENS.COM', NULL, NULL, 0),
(1872, 'EN', 'VARUN.AGGARWAL@SIEMENS.COM', NULL, NULL, 0),
(1873, 'EN', 'HARSHAD.NERURKAR@SIEMENS.COM', NULL, NULL, 0),
(1874, 'EN', 'GOPALAKRISHNAN.SHANMUGAM@SIEMENS.COM', NULL, NULL, 0),
(1875, 'EN', 'PRAVIN.DESHBHRATAR@SIEMENS.COM', NULL, NULL, 0),
(1876, 'EN', 'ROMIT.CHHABRA@SIEMENS.COM', NULL, NULL, 0),
(1877, 'EN', 'JITEN.KATIRA@SIEMENS.COM', NULL, NULL, 0),
(1878, 'EN', 'AMEY.CHANDE@SIEMENS.COM', NULL, NULL, 0),
(1879, 'EN', 'SONIYA.ADGAONKAR@SIEMENS.COM', NULL, NULL, 0),
(1880, 'EN', 'SHREYAS.SAWANT@SIEMENS.COM', NULL, NULL, 0),
(1881, 'EN', 'AKASH.BHANUSHALI@SIEMENS.COM', NULL, NULL, 0),
(1882, 'EN', 'SACHIN.KULKARNI@SIEMENS.COM', NULL, NULL, 0),
(1883, 'EN', 'SAVITRI.GHADIGAONKAR@SIEMENS.COM', NULL, NULL, 0),
(1884, 'EN', 'SHILPA.SHIRGAONKAR@SIEMENS.COM', NULL, NULL, 0),
(1885, 'EN', 'MGGUPTA@SIEMENS.COM', NULL, NULL, 0),
(1886, 'EN', 'SHANMUGA.V@SIEMENS.COM', NULL, NULL, 0),
(1887, 'EN', 'RUSHIKESH.SARANG@SIEMENS.COM', NULL, NULL, 0),
(1888, 'EN', 'SNEHALKUMAR.VATKAR@SIEMENS.COM', NULL, NULL, 0),
(1889, 'EN', 'VINAY.MITTAL@SIEMENS.COM', NULL, NULL, 0),
(1890, 'EN', 'VARUN.BHARDWAJ@SIEMENS.COM', NULL, NULL, 0),
(1891, 'EN', 'MANOJ.CHABLANI@SIEMENS.COM', NULL, NULL, 0),
(1892, 'EN', 'JEBARAJ.ANTONY@SIEMENS.COM', NULL, NULL, 0),
(1893, 'EN', 'ANUP.ABHYANKAR@SIEMENS.COM', NULL, NULL, 0),
(1894, 'EN', 'ASHOK.BAROT@SIEMENS.COM', NULL, NULL, 0),
(1895, 'EN', 'ASHISH.VAGHELA@SIEMENS.COM', NULL, NULL, 0),
(1896, 'EN', 'SAYALI.WAGH@SIEMENS.COM', NULL, NULL, 0),
(1897, 'EN', 'VIVEK.AYARE@SIEMENS.COM', NULL, NULL, 0),
(1898, 'EN', 'DIPAK.PATIL@SIEMENS.COM', NULL, NULL, 0),
(1899, 'EN', 'PUNEET.HATE@SIEMENS.COM', NULL, NULL, 0),
(1900, 'EN', 'VIBHA.GAJBHIYE@SIEMENS.COM', NULL, NULL, 0),
(1901, 'EN', 'AMOL.YELEGAONKAR@SIEMENS.COM', NULL, NULL, 0),
(1902, 'EN', 'SURABHI.BAPAT@SIEMENS.COM', NULL, NULL, 0),
(1903, 'EN', 'SHINDE.RUPESH@SIEMENS.COM', NULL, NULL, 0),
(1904, 'EN', 'CHANDRA.NEGI@SIEMENS.COM', NULL, NULL, 0),
(1905, 'EN', 'MAITREYEE.CHAVAN@SIEMENS.COM', NULL, NULL, 0),
(1906, 'EN', 'PATEL.TEJAS@SIEMENS.COM', NULL, NULL, 0),
(1907, 'EN', 'TANMAY.PATEL@SIEMENS.COM', NULL, NULL, 0),
(1908, 'EN', 'AVINASH.MATHUR@SIEMENS.COM', NULL, NULL, 0),
(1909, 'EN', 'MUZAFFER.SAYYED@SIEMENS.COM', NULL, NULL, 0),
(1910, 'EN', 'SAURABH.THOSAR@SIEMENS.COM', NULL, NULL, 0),
(1911, 'EN', 'SUDHA.VASA@SIEMENS.COM', NULL, NULL, 0),
(1912, 'EN', 'SINGH.DHARMENDRA@SIEMENS.COM', NULL, NULL, 0),
(1913, 'EN', 'MUKUND.GHUMARA@SIEMENS.COM', NULL, NULL, 0),
(1914, 'EN', 'VIMALANATHAN.R@SIEMENS.COM', NULL, NULL, 0),
(1915, 'EN', 'VEENA.SHERE@SIEMENS.COM', NULL, NULL, 0),
(1916, 'EN', 'KRISHNENDU.BURMAN@SIEMENS.COM', NULL, NULL, 0),
(1917, 'EN', 'DHANANJAY.THORAT@SIEMENS.COM', NULL, NULL, 0),
(1918, 'EN', 'RITU.MALHOTRA@SIEMENS.COM', NULL, NULL, 0),
(1919, 'EN', 'SUSHIL.DUBEY@SIEMENS.COM', NULL, NULL, 0),
(1920, 'EN', 'ROHIT.MISHRA@SIEMENS.COM', NULL, NULL, 0),
(1921, 'EN', 'ANKITSINGH@SIEMENS.COM', NULL, NULL, 0),
(1922, 'EN', 'PARAS.PURI@SIEMENS.COM', NULL, NULL, 0),
(1923, 'EN', 'SHEETAL.PARALIKAR@SIEMENS.COM', NULL, NULL, 0),
(1924, 'EN', 'SAHADEV.GOBADE@SIEMENS.COM', NULL, NULL, 0),
(1925, 'EN', 'SHRINIWAS.PADHY@SIEMENS.COM', NULL, NULL, 0),
(1926, 'EN', 'CHARLOTTE.PEREIRA@SIEMENS.COM', NULL, NULL, 0),
(1927, 'EN', 'JITHIN.JACOB@SIEMENS.COM', NULL, NULL, 0),
(1928, 'EN', 'SINU.MOOSA@SIEMENS.COM', NULL, NULL, 0),
(1929, 'EN', 'STUTI.NEMANI@SIEMENS.COM', NULL, NULL, 0),
(1930, 'EN', 'CHETAN.VERMA@SIEMENS.COM', NULL, NULL, 0),
(1931, 'EN', 'RANJEET.BACHATE@SIEMENS.COM', NULL, NULL, 0),
(1932, 'EN', 'ALI.SYED@SIEMENS.COM', NULL, NULL, 0),
(1933, 'EN', 'RVBSAYEE@SIEMENS.COM', NULL, NULL, 0),
(1934, 'EN', 'VINAYKULKARNI@SIEMENS.COM', NULL, NULL, 0),
(1935, 'EN', 'KUMAR.PREM@SIEMENS.COM', NULL, NULL, 0),
(1936, 'EN', 'SAMPATH.HEGDE@SIEMENS.COM', NULL, NULL, 0),
(1937, 'EN', 'MEGHNA.BHOOTA@SIEMENS.COM', NULL, NULL, 0),
(1938, 'EN', 'RAVINDRA.PATIL@SIEMENS.COM', NULL, NULL, 0),
(1939, 'EN', 'AMARENDRA.YADWAD@SIEMENS.COM', NULL, NULL, 0),
(1940, 'EN', 'BHUSHAN.WEGAD@SIEMENS.COM', NULL, NULL, 0),
(1941, 'EN', 'SUBODH.BANSOD@SIEMENS.COM', NULL, NULL, 0),
(1942, 'EN', 'DATTATRAY.KATKAR@SIEMENS.COM', NULL, NULL, 0),
(1943, 'EN', 'FAISAL.THAKUR@SIEMENS.COM', NULL, NULL, 0),
(1944, 'EN', 'PRASHANT.KOTHAVALE@SIEMENS.COM', NULL, NULL, 0),
(1945, 'EN', 'DEEPAK.NAYAK@SIEMENS.COM', NULL, NULL, 0),
(1946, 'EN', 'ASHWANI.SONI@SIEMENS.COM', NULL, NULL, 0),
(1947, 'EN', 'SIVASANKAR.PAYASAM@SIEMENS.COM', NULL, NULL, 0),
(1948, 'EN', 'RAVICHANDRAN.PARASURAMAN@SIEMENS.COM', NULL, NULL, 0),
(1949, 'EN', 'CHANDRAKANT.SAHU@SIEMENS.COM', NULL, NULL, 0),
(1950, 'EN', 'BABAN.BHURIYA@SIEMENS.COM', NULL, NULL, 0),
(1951, 'EN', 'MADHUKAR.SHENOY@SIEMENS.COM', NULL, NULL, 0),
(1952, 'EN', 'OMKAR.PAWAR@SIEMENS.COM', NULL, NULL, 0),
(1953, 'EN', 'RAHUL.NALGE@SIEMENS.COM', NULL, NULL, 0),
(1954, 'EN', 'SANDIP.PACHAPURKAR@SIEMENS.COM', NULL, NULL, 0),
(1955, 'EN', 'ANVESH.MISHRA@SIEMENS.COM', NULL, NULL, 0),
(1956, 'EN', 'AAROHI.PADTE@SIEMENS.COM', NULL, NULL, 0),
(1957, 'EN', 'BHUSHAN.PATIL@SIEMENS.COM', NULL, NULL, 0),
(1958, 'EN', 'ANUJ.SINGH@SIEMENS.COM', NULL, NULL, 0),
(1959, 'EN', 'VED.PRAKASH@SIEMENS.COM', NULL, NULL, 0),
(1960, 'EN', 'SANTOSH.P@SIEMENS.COM', NULL, NULL, 0),
(1961, 'EN', 'JAISON.KOSHY@SIEMENS.COM', NULL, NULL, 0),
(1962, 'EN', 'NIRAV.DESAI@SIEMENS.COM', NULL, NULL, 0),
(1963, 'EN', 'LIJISH.NEELAKANTAN@SIEMENS.COM', NULL, NULL, 0),
(1964, 'EN', 'UMESH.PANDEY@SIEMENS.COM', NULL, NULL, 0),
(1965, 'EN', 'SHARMA.PS@SIEMENS.COM', NULL, NULL, 0),
(1966, 'EN', 'SUMIT.BARUAH@SIEMENS.COM', NULL, NULL, 0),
(1967, 'EN', 'MAHESHM@SIEMENS.COM', NULL, NULL, 0),
(1968, 'EN', 'HARSH.CHINCHOLKAR@SIEMENS.COM', NULL, NULL, 0),
(1969, 'EN', 'PIYUSH.AGGARWAL@SIEMENS.COM', NULL, NULL, 0),
(1970, 'EN', 'UDAY.S@SIEMENS.COM', NULL, NULL, 0),
(1971, 'EN', 'ANOOP.GAUR@SIEMENS.COM', NULL, NULL, 0),
(1972, 'EN', 'RAMESH.G@SIEMENS.COM', NULL, NULL, 0),
(1973, 'EN', 'BHADAURIA.AMIT@SIEMENS.COM', NULL, NULL, 0),
(1974, 'EN', 'RAMASWAMY.PICHAI@SIEMENS.COM', NULL, NULL, 0),
(1975, 'EN', 'RAHUL.MAKDE@SIEMENS.COM', NULL, NULL, 0),
(1976, 'EN', 'ANSHUL.SHUKLA@SIEMENS.COM', NULL, NULL, 0),
(1977, 'EN', 'SHYAMAL.BHATTACHARYYA@SIEMENS.COM', NULL, NULL, 0),
(1978, 'EN', 'GUNASELVAN.V@SIEMENS.COM', NULL, NULL, 0),
(1979, 'EN', 'SUKRUT.GADGIL@SIEMENS.COM', NULL, NULL, 0),
(1980, 'EN', 'RAJESHK@SIEMENS.COM', NULL, NULL, 0),
(1981, 'EN', 'NILADRI.BANERJEE@SIEMENS.COM', NULL, NULL, 0),
(1982, 'EN', 'KUMAR.SHAILESH@SIEMENS.COM', NULL, NULL, 0),
(1983, 'EN', 'ABHIJIT.PATIL@SIEMENS.COM', NULL, NULL, 0),
(1984, 'EN', 'BHAVESH.SAVALIYA@SIEMENS.COM', NULL, NULL, 0),
(1985, 'EN', 'SUMIT.RANA@SIEMENS.COM', NULL, NULL, 0),
(1986, 'EN', 'SIVASAMY.N@SIEMENS.COM', NULL, NULL, 0),
(1987, 'EN', 'KIRAN.REDDY@SIEMENS.COM', NULL, NULL, 0),
(1988, 'EN', 'JEYANTH.J@SIEMENS.COM', NULL, NULL, 0),
(1989, 'EN', 'VIBHOR.MEHTA@SIEMENS.COM', NULL, NULL, 0),
(1990, 'EN', 'MANISHA.PRIYADARSHINI@SIEMENS.COM', NULL, NULL, 0),
(1991, 'EN', 'PROSUN.CHATTERJEE@SIEMENS.COM', NULL, NULL, 0),
(1992, 'EN', 'SHRIKANT.KALE@SIEMENS.COM', NULL, NULL, 0),
(1993, 'EN', 'SOWMYA.CHIRRAVURI@SIEMENS.COM', NULL, NULL, 0),
(1994, 'EN', 'CHETAN.BHATT@SIEMENS.COM', NULL, NULL, 0),
(1995, 'EN', 'HOSHANG.BHATHENA@SIEMENS.COM', NULL, NULL, 0),
(1996, 'EN', 'PRATIK.PRABHU@SIEMENS.COM', NULL, NULL, 0),
(1997, 'EN', 'ADITYA.ACHAREKAR@SIEMENS.COM', NULL, NULL, 0),
(1998, 'EN', 'ROHIT.MUKHERJEE@SIEMENS.COM', NULL, NULL, 0),
(1999, 'EN', 'VENKATA.SOLLETI@SIEMENS.COM', NULL, NULL, 0),
(2000, 'EN', 'GAURAV.MATE@SIEMENS.COM', NULL, NULL, 0),
(2001, 'EN', 'AKIF.QADEER@SIEMENS.COM', NULL, NULL, 0),
(2002, 'EN', 'SUNNY.MANCHANDA@SIEMENS.COM', NULL, NULL, 0),
(2003, 'EN', 'KALPESHKUMAR.DARJI@SIEMENS.COM', NULL, NULL, 0),
(2004, 'EN', 'PUSHPRAJ.MANDAL@SIEMENS.COM', NULL, NULL, 0),
(2005, 'EN', 'AMIT.DESAI@SIEMENS.COM', NULL, NULL, 0),
(2006, 'EN', 'MANDAR.SANSARE@SIEMENS.COM', NULL, NULL, 0),
(2007, 'EN', 'BALAJI.SAKTHIVEL@SIEMENS.COM', NULL, NULL, 0),
(2008, 'EN', 'OMKAR.TIWARI@SIEMENS.COM', NULL, NULL, 0),
(2009, 'EN', 'SYED.IMTIYAZ@SIEMENS.COM', NULL, NULL, 0),
(2010, 'EN', 'KAUSTABH.BORAH@SIEMENS.COM', NULL, NULL, 0),
(2011, 'EN', 'KARTHIC.VIJAYAN@SIEMENS.COM', NULL, NULL, 0),
(2012, 'EN', 'ASHWINI.SHETYAM@SIEMENS.COM', NULL, NULL, 0),
(2013, 'EN', 'SUDHIR.THAKUR@SIEMENS.COM', NULL, NULL, 0),
(2014, 'EN', 'SAMEET.SARAF@SIEMENS.COM', NULL, NULL, 0),
(2015, 'EN', 'PRASSANNA.G@SIEMENS.COM', NULL, NULL, 0),
(2016, 'EN', 'DHAVAL.BHEDA@SIEMENS.COM', NULL, NULL, 0),
(2017, 'EN', 'IQBAL.KABIR@SIEMENS.COM', NULL, NULL, 0),
(2018, 'EN', 'VIRAL.KACHHADIA@SIEMENS.COM', NULL, NULL, 0),
(2019, 'EN', 'ABHINAV.BANSAL@SIEMENS.COM', NULL, NULL, 0),
(2020, 'EN', 'MEET.KORADIA@SIEMENS.COM', NULL, NULL, 0),
(2021, 'EN', 'ANKAN.MUKHERJEE@SIEMENS.COM', NULL, NULL, 0),
(2022, 'EN', 'MADHUR.JAGDALE@SIEMENS.COM', NULL, NULL, 0),
(2023, 'EN', 'ARUN.MADDU@SIEMENS.COM', NULL, NULL, 0),
(2024, 'EN', 'BALAJI.L@SIEMENS.COM', NULL, NULL, 0),
(2025, 'EN', 'APURVA.AKASH@SIEMENS.COM', NULL, NULL, 0),
(2026, 'EN', 'SRIDHARS@SIEMENS.COM', NULL, NULL, 0),
(2027, 'EN', 'ANKUR.MEHROTRA@SIEMENS.COM', NULL, NULL, 0),
(2028, 'EN', 'ABHIJEET.CHITALE@SIEMENS.COM', NULL, NULL, 0),
(2029, 'EN', 'VIKAS.RASTOGI@SIEMENS.COM', NULL, NULL, 0),
(2030, 'EN', 'ANSHUL.LUTHRA@SIEMENS.COM', NULL, NULL, 0),
(2031, 'EN', 'SHANTANU.RAUT@SIEMENS.COM', NULL, NULL, 0),
(2032, 'EN', 'PRATIK.RAUL@SIEMENS.COM', NULL, NULL, 0),
(2033, 'EN', 'KUNTAL.GANGULY@SIEMENS.COM', NULL, NULL, 0),
(2034, 'EN', 'FRANCIS.JACOB@SIEMENS.COM', NULL, NULL, 0),
(2035, 'EN', 'SHRADDHA.WADKE@SIEMENS.COM', NULL, NULL, 0),
(2036, 'EN', 'KRUTIKA.BEDEKAR@SIEMENS.COM', NULL, NULL, 0),
(2037, 'EN', 'BHAGYASHREE.MALWADKAR@SIEMENS.COM', NULL, NULL, 0),
(2038, 'EN', 'PAUL.PUSHPARAJ@SIEMENS.COM', NULL, NULL, 0),
(2039, 'EN', 'KOLLA.RAGHAVENDRA@SIEMENS.COM', NULL, NULL, 0),
(2040, 'EN', 'TRILOCHAN.OJHA@SIEMENS.COM', NULL, NULL, 0),
(2041, 'EN', 'SAWANT.SARVESH@SIEMENS.COM', NULL, NULL, 0),
(2042, 'EN', 'VIPIN.MANIKKARA@SIEMENS.COM', NULL, NULL, 0),
(2043, 'EN', 'RAJESH.SURVASE@SIEMENS.COM', NULL, NULL, 0),
(2044, 'EN', 'SHOUVIK.MITRA@SIEMENS.COM', NULL, NULL, 0),
(2045, 'EN', 'SATHYAJITH.S@SIEMENS.COM', NULL, NULL, 0),
(2046, 'EN', 'SUKSHAM.JHA@SIEMENS.COM', NULL, NULL, 0),
(2047, 'EN', 'MOHIT.KULKARNI@SIEMENS.COM', NULL, NULL, 0),
(2048, 'EN', 'MURUGESH.S@SIEMENS.COM', NULL, NULL, 0),
(2049, 'EN', 'VIKRAM.JADHAV@SIEMENS.COM', NULL, NULL, 0),
(2050, 'EN', 'AVINASH.GONSALVES@SIEMENS.COM', NULL, NULL, 0),
(2051, 'EN', 'VINAY.SINGH@SIEMENS.COM', NULL, NULL, 0),
(2052, 'EN', 'SUNDAR.BABU@SIEMENS.COM', NULL, NULL, 0),
(2053, 'EN', 'AJAY.PADALA@SIEMENS.COM', NULL, NULL, 0),
(2054, 'EN', 'NOBIN.BABU@SIEMENS.COM', NULL, NULL, 0),
(2055, 'EN', 'ARAVIND.MUNIRATHINAM@SIEMENS.COM', NULL, NULL, 0),
(2056, 'EN', 'RAMASAGAR.KANDREGULA@SIEMENS.COM', NULL, NULL, 0),
(2057, 'EN', 'SURAJ.BENNI@SIEMENS.COM', NULL, NULL, 0),
(2058, 'EN', 'ASHISH.NARGOTRA@SIEMENS.COM', NULL, NULL, 0),
(2059, 'EN', 'KUMAR.JYOTI@SIEMENS.COM', NULL, NULL, 0),
(2060, 'EN', 'GANGESHWAR.G@SIEMENS.COM', NULL, NULL, 0),
(2061, 'EN', 'ABHISHEK.MITTAL@SIEMENS.COM', NULL, NULL, 0),
(2062, 'EN', 'SANKET.BORKAR@SIEMENS.COM', NULL, NULL, 0),
(2063, 'EN', 'MAYANK.TIWARI@SIEMENS.COM', NULL, NULL, 0),
(2064, 'EN', 'KARTHIK.M@SIEMENS.COM', NULL, NULL, 0),
(2065, 'EN', 'AM.MISHRA@SIEMENS.COM', NULL, NULL, 0),
(2066, 'EN', 'NAVANEETHA.KRISHNANS@SIEMENS.COM', NULL, NULL, 0),
(2067, 'EN', 'PRANAV.RATHOD@SIEMENS.COM', NULL, NULL, 0),
(2068, 'EN', 'R.PRADEEP@SIEMENS.COM', NULL, NULL, 0),
(2069, 'EN', 'DEEPAK.SAKORE@SIEMENS.COM', NULL, NULL, 0),
(2070, 'EN', 'BHUPENDRA.TARE@SIEMENS.COM', NULL, NULL, 0),
(2071, 'EN', 'MAYUR.KULKARNI@SIEMENS.COM', NULL, NULL, 0),
(2072, 'EN', 'SUKANTA.GHOSH@SIEMENS.COM', NULL, NULL, 0),
(2073, 'EN', 'SWAPNIL.JAGTAP@SIEMENS.COM', NULL, NULL, 0),
(2074, 'EN', 'AVINASHJADHAV@SIEMENS.COM', NULL, NULL, 0),
(2075, 'EN', 'LEO.A@SIEMENS.COM', NULL, NULL, 0),
(2076, 'EN', 'NEWTON.BHADRA@SIEMENS.COM', NULL, NULL, 0),
(2077, 'EN', 'AFTAB.ALAM@SIEMENS.COM', NULL, NULL, 0),
(2078, 'EN', 'ANBUGEETHAN.P@SIEMENS.COM', NULL, NULL, 0),
(2079, 'EN', 'ROHIT-KUMAR@SIEMENS.COM', NULL, NULL, 0),
(2080, 'EN', 'S.SANTHOSH@SIEMENS.COM', NULL, NULL, 0),
(2081, 'EN', 'KAIRAV.MODI@SIEMENS.COM', NULL, NULL, 0),
(2082, 'EN', 'GAURI.MENOKY@SIEMENS.COM', NULL, NULL, 0),
(2083, 'EN', 'VIJAY.VALA@SIEMENS.COM', NULL, NULL, 0),
(2084, 'EN', 'AMITAVA.MONDAL@SIEMENS.COM', NULL, NULL, 0),
(2085, 'EN', 'SOUMITRA.DUTTA@SIEMENS.COM', NULL, NULL, 0),
(2086, 'EN', 'NAGARAJ.RK@SIEMENS.COM', NULL, NULL, 0),
(2087, 'EN', 'PRATIK.AGAWANE@SIEMENS.COM', NULL, NULL, 0),
(2088, 'EN', 'TIWARI.MAYANK@SIEMENS.COM', NULL, NULL, 0),
(2089, 'EN', 'SUDARSUN.R@SIEMENS.COM', NULL, NULL, 0),
(2090, 'EN', 'VINAYAK.JADHAV@SIEMENS.COM', NULL, NULL, 0),
(2091, 'EN', 'MOHANRAJ.G@SIEMENS.COM', NULL, NULL, 0),
(2092, 'EN', 'RAASHID.SYED@SIEMENS.COM', NULL, NULL, 0),
(2093, 'EN', 'ROSHAN.KUMAR@SIEMENS.COM', NULL, NULL, 0),
(2094, 'EN', 'KRISHNA.TAYASHETE@SIEMENS.COM', NULL, NULL, 0),
(2095, 'EN', 'PANKAJ.KAMDI@SIEMENS.COM', NULL, NULL, 0),
(2096, 'EN', 'SOMNATH.MANNA@SIEMENS.COM', NULL, NULL, 0),
(2097, 'EN', 'PHANIKRISHNA.MUKKU@SIEMENS.COM', NULL, NULL, 0),
(2098, 'EN', 'BHAGYADEEP.KAHLON@SIEMENS.COM', NULL, NULL, 0),
(2099, 'EN', 'PAVAN.TELUGU@SIEMENS.COM', NULL, NULL, 0),
(2100, 'EN', 'FIROZ.GANDHI@SIEMENS.COM', NULL, NULL, 0),
(2101, 'EN', 'SAHU.NITIN@SIEMENS.COM', NULL, NULL, 0),
(2102, 'EN', 'HIMADRI.DAS@SIEMENS.COM', NULL, NULL, 0),
(2103, 'EN', 'SANJAY.TOGADIYA@SIEMENS.COM', NULL, NULL, 0),
(2104, 'EN', 'PRAJYOT.REDEKAR@SIEMENS.COM', NULL, NULL, 0),
(2105, 'EN', 'RAHUL.APTE@SIEMENS.COM', NULL, NULL, 0),
(2106, 'EN', 'RSSHARMA@SIEMENS.COM', NULL, NULL, 0),
(2107, 'EN', 'RAGHAVENDRA.GK@SIEMENS.COM', NULL, NULL, 0),
(2108, 'EN', 'ARGHADIP.PODDAR@SIEMENS.COM', NULL, NULL, 0),
(2109, 'EN', 'MANAN.MAHESHWARI@SIEMENS.COM', NULL, NULL, 0),
(2110, 'EN', 'ASHISH.AG.GUPTA@SIEMENS.COM', NULL, NULL, 0),
(2111, 'EN', 'VINEET.SHARMA@SIEMENS.COM', NULL, NULL, 0),
(2112, 'EN', 'AJAY.SWARNKAR@SIEMENS.COM', NULL, NULL, 0),
(2113, 'EN', 'AMIT.DHAVADE@SIEMENS.COM', NULL, NULL, 0),
(2114, 'EN', 'PRASHANT.VATS@SIEMENS.COM', NULL, NULL, 0),
(2115, 'EN', 'MANSI.MORE@SIEMENS.COM', NULL, NULL, 0),
(2116, 'EN', 'CHANDRASEKAR.V@SIEMENS.COM', NULL, NULL, 0),
(2117, 'EN', 'MAYANK.AGRAWAL@SIEMENS.COM', NULL, NULL, 0),
(2118, 'EN', 'VISHAL.VANARSE@SIEMENS.COM', NULL, NULL, 0),
(2119, 'EN', 'SUSHOVAN.DAS@SIEMENS.COM', NULL, NULL, 0),
(2120, 'EN', 'PARAG.DHERANGE@SIEMENS.COM', NULL, NULL, 0),
(2121, 'EN', 'KULKARNI.SANTOSH@SIEMENS.COM', NULL, NULL, 0),
(2122, 'EN', 'KIRAN.KAGE@SIEMENS.COM', NULL, NULL, 0),
(2123, 'EN', 'VINAYAK.RAJGURU@SIEMENS.COM', NULL, NULL, 0),
(2124, 'EN', 'ANANDHKUMAR.S@SIEMENS.COM', NULL, NULL, 0),
(2125, 'EN', 'NAVENDRA.SINGH@SIEMENS.COM', NULL, NULL, 0),
(2126, 'EN', 'HARSHALPATIL@SIEMENS.COM', NULL, NULL, 0),
(2127, 'EN', 'BASAVRAJ.BIRADAR@SIEMENS.COM', NULL, NULL, 0),
(2128, 'EN', 'SREVATSEN.S@SIEMENS.COM', NULL, NULL, 0),
(2129, 'EN', 'SURESH.YADAV@SIEMENS.COM', NULL, NULL, 0),
(2130, 'EN', 'SIDDU.MAREGUDDI@SIEMENS.COM', NULL, NULL, 0),
(2131, 'EN', 'PRAGNESH.PATEL@SIEMENS.COM', NULL, NULL, 0),
(2132, 'EN', 'MALHAR.KULKARNI@SIEMENS.COM', NULL, NULL, 0),
(2133, 'EN', 'SIDDHESH.PAWAR@SIEMENS.COM', NULL, NULL, 0),
(2134, 'EN', 'ROHIT.KOLPEKWAR@SIEMENS.COM', NULL, NULL, 0),
(2135, 'EN', 'G.VINOD@SIEMENS.COM', NULL, NULL, 0),
(2136, 'EN', 'SUMANTA.BHATTACHARYA@SIEMENS.COM', NULL, NULL, 0),
(2137, 'EN', 'PARTHIBAN.V@SIEMENS.COM', NULL, NULL, 0),
(2138, 'EN', 'KULKARNI.TUSHAR@SIEMENS.COM', NULL, NULL, 0),
(2139, 'EN', 'VISHAL.RAMANI@SIEMENS.COM', NULL, NULL, 0),
(2140, 'EN', 'PRASAD.HADAWALE@SIEMENS.COM', NULL, NULL, 0),
(2141, 'EN', 'DIVYA.M@SIEMENS.COM', NULL, NULL, 0),
(2142, 'EN', 'PANKAJ.SAKPAL@SIEMENS.COM', NULL, NULL, 0),
(2143, 'EN', 'KAMALKUMAR.GEVARIYA@SIEMENS.COM', NULL, NULL, 0),
(2144, 'EN', 'ROHIT.PAWAR@SIEMENS.COM', NULL, NULL, 0),
(2145, 'EN', 'DEBADIP.BASU@SIEMENS.COM', NULL, NULL, 0),
(2146, 'EN', 'ROHITH.N@SIEMENS.COM', NULL, NULL, 0),
(2147, 'EN', 'ESWARAMOORTHY.C@SIEMENS.COM', NULL, NULL, 0),
(2148, 'EN', 'RAVISINGH@SIEMENS.COM', NULL, NULL, 0),
(2149, 'EN', 'RUHI.KHAN@SIEMENS.COM', NULL, NULL, 0),
(2150, 'EN', 'BALKRUSHNA.NIVATKAR@SIEMENS.COM', NULL, NULL, 0),
(2151, 'EN', 'SOUMYA.CHATTERJEE@SIEMENS.COM', NULL, NULL, 0),
(2152, 'EN', 'KUMARPRADEEP@SIEMENS.COM', NULL, NULL, 0),
(2153, 'EN', 'SANDEEP.DEVADIGA@SIEMENS.COM', NULL, NULL, 0),
(2154, 'EN', 'SINGHRAVINDER@SIEMENS.COM', NULL, NULL, 0),
(2155, 'EN', 'ANIRUDDHA.KELKAR@SIEMENS.COM', NULL, NULL, 0),
(2156, 'EN', 'YOGESHKUMAR.PRAJAPATI@SIEMENS.COM', NULL, NULL, 0),
(2157, 'EN', 'SANJAY.CHOUBEY@SIEMENS.COM', NULL, NULL, 0),
(2158, 'EN', 'MALINI.MITRA@SIEMENS.COM', NULL, NULL, 0),
(2159, 'EN', 'SWANAND.NADGAUNDI@SIEMENS.COM', NULL, NULL, 0),
(2160, 'EN', 'RATNADEEP.CHAUGULE@SIEMENS.COM', NULL, NULL, 0),
(2161, 'EN', 'VINAYA.W@SIEMENS.COM', NULL, NULL, 0),
(2162, 'EN', 'SRIGURUPRASATH.V@SIEMENS.COM', NULL, NULL, 0),
(2163, 'EN', 'DEEKSHA.SHETTY@SIEMENS.COM', NULL, NULL, 0),
(2164, 'EN', 'BHAVESHKUMAR.JHA@SIEMENS.COM', NULL, NULL, 0),
(2165, 'EN', 'JEEVA.C@SIEMENS.COM', NULL, NULL, 0),
(2166, 'EN', 'RAJ.RANE@SIEMENS.COM', NULL, NULL, 0),
(2167, 'EN', 'MAYURKUMAR.RANIPA@SIEMENS.COM', NULL, NULL, 0),
(2168, 'EN', 'SANDESH.C@SIEMENS.COM', NULL, NULL, 0),
(2169, 'EN', 'SWAPNA.DESHPANDE@SIEMENS.COM', NULL, NULL, 0),
(2170, 'EN', 'RAJESH.K@SIEMENS.COM', NULL, NULL, 0),
(2171, 'EN', 'SAURAV.KUNDU@SIEMENS.COM', NULL, NULL, 0),
(2172, 'EN', 'BHUPENDRA.BHANUSHALI@SIEMENS.COM', NULL, NULL, 0),
(2173, 'EN', 'RAHUL.MISHRA@SIEMENS.COM', NULL, NULL, 0),
(2174, 'EN', 'PARIMAL.GADGIL@SIEMENS.COM', NULL, NULL, 0),
(2175, 'EN', 'VINAYKUMAR.SHARMA@SIEMENS.COM', NULL, NULL, 0),
(2176, 'EN', 'MANTRI.SUDARSHAN@SIEMENS.COM', NULL, NULL, 0),
(2177, 'EN', 'CHAYAN.DANDRIYAL@SIEMENS.COM', NULL, NULL, 0),
(2178, 'EN', 'SAGAR.MAHAJAN@SIEMENS.COM', NULL, NULL, 0),
(2179, 'EN', 'KOLAPPAN.C@SIEMENS.COM', NULL, NULL, 0),
(2180, 'EN', 'MUKHTAR.KHAN@SIEMENS.COM', NULL, NULL, 0),
(2181, 'EN', 'BIPIN.SINGH@SIEMENS.COM', NULL, NULL, 0),
(2182, 'EN', 'NARESHKUMAR.R@SIEMENS.COM', NULL, NULL, 0),
(2183, 'EN', 'CHAITANYA.BORKAR@SIEMENS.COM', NULL, NULL, 0),
(2184, 'EN', 'ALEESHA.FERNANDES@SIEMENS.COM', NULL, NULL, 0),
(2185, 'EN', 'POOJA.SHETTY@SIEMENS.COM', NULL, NULL, 0),
(2186, 'EN', 'PRATHIKSHA.SHETTY@SIEMENS.COM', NULL, NULL, 0),
(2187, 'EN', 'VIJAY.GOYAL@SIEMENS.COM', NULL, NULL, 0),
(2188, 'EN', 'MUKESH.CHAUDHARI@SIEMENS.COM', NULL, NULL, 0),
(2189, 'EN', 'PRASHANTH.KARANTH@SIEMENS.COM', NULL, NULL, 0),
(2190, 'EN', 'MILIND.GHANEKAR@SIEMENS.COM', NULL, NULL, 0),
(2191, 'EN', 'HEMANT.LIA@SIEMENS.COM', NULL, NULL, 0),
(2192, 'EN', 'BHAVIN.PAREKH@SIEMENS.COM', NULL, NULL, 0),
(2193, 'EN', 'AJIT.KADAM@SIEMENS.COM', NULL, NULL, 0),
(2194, 'EN', 'RAJESH.DAS@SIEMENS.COM', NULL, NULL, 0),
(2195, 'EN', 'TRIPATHI.GAURAV@SIEMENS.COM', NULL, NULL, 0),
(2196, 'EN', 'PRASANTH.M@SIEMENS.COM', NULL, NULL, 0),
(2197, 'EN', 'PRASAD.RAMANE@SIEMENS.COM', NULL, NULL, 0),
(2198, 'EN', 'PRANAV.SADHALE@SIEMENS.COM', NULL, NULL, 0),
(2199, 'EN', 'MAHENDRA.KANE@SIEMENS.COM', NULL, NULL, 0),
(2200, 'EN', 'MAHESH.KATAKDHOND@SIEMENS.COM', NULL, NULL, 0),
(2201, 'EN', 'PABITRA.METYA@SIEMENS.COM', NULL, NULL, 0),
(2202, 'EN', 'GOWTHAM.PALA@SIEMENS.COM', NULL, NULL, 0),
(2203, 'EN', 'RAKESH.RAO@SIEMENS.COM', NULL, NULL, 0),
(2204, 'EN', 'KUNAL.HAJRA@SIEMENS.COM', NULL, NULL, 0),
(2205, 'EN', 'AMAR.RANE@SIEMENS.COM', NULL, NULL, 0),
(2206, 'EN', 'LAKSHMISHA.K@SIEMENS.COM', NULL, NULL, 0),
(2207, 'EN', 'RAJENDRA.MITRA@SIEMENS.COM', NULL, NULL, 0),
(2208, 'EN', 'MILAN.PATEL@SIEMENS.COM', NULL, NULL, 0),
(2209, 'EN', 'NIRAVSHAH@SIEMENS.COM', NULL, NULL, 0),
(2210, 'EN', 'JATIN.SOOD@SIEMENS.COM', NULL, NULL, 0),
(2211, 'EN', 'PRASAD.KHARCHE@SIEMENS.COM', NULL, NULL, 0),
(2212, 'EN', 'YADAV.TEJAS@SIEMENS.COM', NULL, NULL, 0),
(2213, 'EN', 'SUMAN.BISWAS@SIEMENS.COM', NULL, NULL, 0),
(2214, 'EN', 'PRATYUSH.SHARMA@SIEMENS.COM', NULL, NULL, 0),
(2215, 'EN', 'DARSHANA.SAKPAL@SIEMENS.COM', NULL, NULL, 0),
(2216, 'EN', 'MANISH.RAWAL@SIEMENS.COM', NULL, NULL, 0),
(2217, 'EN', 'VIVEK.SAKINALA@SIEMENS.COM', NULL, NULL, 0),
(2218, 'EN', 'SANDIP.DE@SIEMENS.COM', NULL, NULL, 0),
(2219, 'EN', 'CHANDRIKA.PINNEPALLI@SIEMENS.COM', NULL, NULL, 0),
(2220, 'EN', 'PRAVIN.SUTAR@SIEMENS.COM', NULL, NULL, 0),
(2221, 'EN', 'RISHABH.TANWAR@SIEMENS.COM', NULL, NULL, 0),
(2222, 'EN', 'DISHA.MAKKAR@SIEMENS.COM', NULL, NULL, 0),
(2223, 'EN', 'ESHAN.KAPOOR@SIEMENS.COM', NULL, NULL, 0),
(2224, 'EN', 'HIMANI.KASHYAP@SIEMENS.COM', NULL, NULL, 0),
(2225, 'EN', 'PRASHANT.KASHYAP@SIEMENS.COM', NULL, NULL, 0),
(2226, 'EN', 'PRIHAM.DUTTA@SIEMENS.COM', NULL, NULL, 0),
(2227, 'EN', 'NIRANJAN.BARVE@SIEMENS.COM', NULL, NULL, 0),
(2228, 'EN', 'MOHITE.SANDEEP@SIEMENS.COM', NULL, NULL, 0),
(2229, 'EN', 'SOUMAVA.MUKHOPADHYAY@SIEMENS.COM', NULL, NULL, 0),
(2230, 'EN', 'ANIRUDH.PAWAR@SIEMENS.COM', NULL, NULL, 0),
(2231, 'EN', 'SRIDHARBABU.K@SIEMENS.COM', NULL, NULL, 0),
(2232, 'EN', 'SHETE.ANKITA@SIEMENS.COM', NULL, NULL, 0),
(2233, 'EN', 'SOUVIK.BHATTACHARJEE@SIEMENS.COM', NULL, NULL, 0),
(2234, 'EN', 'RITESH.RAKA@SIEMENS.COM', NULL, NULL, 0),
(2235, 'EN', 'JADHAV.ROHIT@SIEMENS.COM', NULL, NULL, 0),
(2236, 'EN', 'KOUSTUBH.SHELGAONKAR@SIEMENS.COM', NULL, NULL, 0),
(2237, 'EN', 'GIRISH.PANDEY@SIEMENS.COM', NULL, NULL, 0),
(2238, 'EN', 'VIJAY.JADHAV@SIEMENS.COM', NULL, NULL, 0),
(2239, 'EN', 'ADITYA.SHAH@SIEMENS.COM', NULL, NULL, 0),
(2240, 'EN', 'SWAR.PANDYA@SIEMENS.COM', NULL, NULL, 0),
(2241, 'EN', 'HAREESH.VAIDYA@SIEMENS.COM', NULL, NULL, 0),
(2242, 'EN', 'RAJENDRA.KABRA@SIEMENS.COM', NULL, NULL, 0),
(2243, 'EN', 'IRIS.DSOUZA@SIEMENS.COM', NULL, NULL, 0),
(2244, 'EN', 'KUMARDEEPAK@SIEMENS.COM', NULL, NULL, 0),
(2245, 'EN', 'NILESH.JADHAV1@SIEMENS.COM', NULL, NULL, 0),
(2246, 'EN', 'ANKIT.CHAMOLI@SIEMENS.COM', NULL, NULL, 0),
(2247, 'EN', 'MANDAR.THAKUR@SIEMENS.COM', NULL, NULL, 0),
(2248, 'EN', 'MOHANRAJ.V@SIEMENS.COM', NULL, NULL, 0),
(2249, 'EN', 'DEEPAK.MALHOTRA@SIEMENS.COM', NULL, NULL, 0),
(2250, 'EN', 'SADANAND.GITE@SIEMENS.COM', NULL, NULL, 0),
(2251, 'EN', 'PIYUSHKUMAR.PATEL@SIEMENS.COM', NULL, NULL, 0),
(2252, 'EN', 'MOHIT.KASANA@SIEMENS.COM', NULL, NULL, 0),
(2253, 'EN', 'JAINENDRA.MISHRA@SIEMENS.COM', NULL, NULL, 0),
(2254, 'EN', 'SOMANATH.PATIL@SIEMENS.COM', NULL, NULL, 0),
(2255, 'EN', 'MAYUR.GURULE@SIEMENS.COM', NULL, NULL, 0),
(2256, 'EN', 'UMESH.GAWKAR@SIEMENS.COM', NULL, NULL, 0),
(2257, 'EN', 'BHARATKUMAR.TRIPATHI@SIEMENS.COM', NULL, NULL, 0),
(2258, 'EN', 'SUDHINDRA.SM@SIEMENS.COM', NULL, NULL, 0),
(2259, 'EN', 'NIRAV.SUTHAR@SIEMENS.COM', NULL, NULL, 0),
(2260, 'EN', 'PATEL.MEHUL@SIEMENS.COM', NULL, NULL, 0),
(2261, 'EN', 'GANESAN.A@SIEMENS.COM', NULL, NULL, 0),
(2262, 'EN', 'DHIRAJ.RAMTEKE@SIEMENS.COM', NULL, NULL, 0),
(2263, 'EN', 'INDERPAL.SINGH@SIEMENS.COM', NULL, NULL, 0),
(2264, 'EN', 'SARMA.MB@SIEMENS.COM', NULL, NULL, 0),
(2265, 'EN', 'AMITKUMAR.SHARMA@SIEMENS.COM', NULL, NULL, 0),
(2266, 'EN', 'JAGADISH.UKKALI@SIEMENS.COM', NULL, NULL, 0),
(2267, 'EN', 'KETAN.WADEKAR@SIEMENS.COM', NULL, NULL, 0),
(2268, 'EN', 'VITTHAL.MHATRE@SIEMENS.COM', NULL, NULL, 0),
(2269, 'EN', 'LAKSHMIKANTH.BALLA@SIEMENS.COM', NULL, NULL, 0),
(2270, 'EN', 'KARTHICK.M@SIEMENS.COM', NULL, NULL, 0),
(2271, 'EN', 'NAGABHUSHAN.BHAT@SIEMENS.COM', NULL, NULL, 0),
(2272, 'EN', 'RIYAZAHMED.CHOUDHARY@SIEMENS.COM', NULL, NULL, 0),
(2273, 'EN', 'ATUL.TYAGI@SIEMENS.COM', NULL, NULL, 0),
(2274, 'EN', 'SAROSH.MAROLY@SIEMENS.COM', NULL, NULL, 0),
(2275, 'EN', 'ABHISEK.SIL@SIEMENS.COM', NULL, NULL, 0),
(2276, 'EN', 'SAYONTONI.BANERJEE@SIEMENS.COM', NULL, NULL, 0),
(2277, 'EN', 'MAYUR.NEHETE@SIEMENS.COM', NULL, NULL, 0),
(2278, 'EN', 'POOJA.CHAVAN@SIEMENS.COM', NULL, NULL, 0),
(2279, 'EN', 'DEEPSHIKHAR.SHUKLA@SIEMENS.COM', NULL, NULL, 0),
(2280, 'EN', 'OMKAR.KENY@SIEMENS.COM', NULL, NULL, 0),
(2281, 'EN', 'AHAMED.HARISH@SIEMENS.COM', NULL, NULL, 0),
(2282, 'EN', 'MURUGESH.SAKTHIVEL@SIEMENS.COM', NULL, NULL, 0),
(2283, 'EN', 'MADNI.SHAIKH@SIEMENS.COM', NULL, NULL, 0),
(2284, 'EN', 'HINAL.THAKUR@SIEMENS.COM', NULL, NULL, 0),
(2285, 'EN', 'ANSHUL.KECHE@SIEMENS.COM', NULL, NULL, 0),
(2286, 'EN', 'SATISH.NAWALE@SIEMENS.COM', NULL, NULL, 0),
(2287, 'EN', 'SAHENDER@SIEMENS.COM', NULL, NULL, 0),
(2288, 'EN', 'SHASHANK.KUMAR@SIEMENS.COM', NULL, NULL, 0),
(2289, 'EN', 'AKHIL.INTHA@SIEMENS.COM', NULL, NULL, 0),
(2290, 'EN', 'AMAL.GEORGE@SIEMENS.COM', NULL, NULL, 0),
(2291, 'EN', 'PRASAD.TEMGIRE@SIEMENS.COM', NULL, NULL, 0),
(2292, 'EN', 'GUPTA.PRIYANKA@SIEMENS.COM', NULL, NULL, 0),
(2293, 'EN', 'ANANYA.CHAKRABORTY@SIEMENS.COM', NULL, NULL, 0),
(2294, 'EN', 'RANJITH.TAVVA@SIEMENS.COM', NULL, NULL, 0),
(2295, 'EN', 'PRAKASHKUMAR.DARJI@SIEMENS.COM', NULL, NULL, 0),
(2296, 'EN', 'BINIT.BHARDWAJ@SIEMENS.COM', NULL, NULL, 0),
(2297, 'EN', 'SANDEEP.DAVE@SIEMENS.COM', NULL, NULL, 0),
(2298, 'EN', 'KENDRE.PRADEEP@SIEMENS.COM', NULL, NULL, 0),
(2299, 'EN', 'JIMIT.DOSHI@SIEMENS.COM', NULL, NULL, 0),
(2300, 'EN', 'REMI.CHAKRABORTY@SIEMENS.COM', NULL, NULL, 0),
(2301, 'EN', 'PATIL.VINAYAK@SIEMENS.COM', NULL, NULL, 0),
(2302, 'EN', 'SRIKANTA.GHOSH@SIEMENS.COM', NULL, NULL, 0),
(2303, 'EN', 'FARHAN.SIDDIQUI@SIEMENS.COM', NULL, NULL, 0),
(2304, 'EN', 'VIKASH.SAHA@SIEMENS.COM', NULL, NULL, 0),
(2305, 'EN', 'KUMAR.ASHOK@SIEMENS.COM', NULL, NULL, 0),
(2306, 'EN', 'GAURISHANKAR.RAI@SIEMENS.COM', NULL, NULL, 0),
(2307, 'EN', 'UTKARSHKUMAR.DARJI@SIEMENS.COM', NULL, NULL, 0),
(2308, 'EN', 'KHAN.ADNAN@SIEMENS.COM', NULL, NULL, 0),
(2309, 'EN', 'VARUN.KATHURIA@SIEMENS.COM', NULL, NULL, 0),
(2310, 'EN', 'RHISITA.CHATTERJEE@SIEMENS.COM', NULL, NULL, 0),
(2311, 'EN', 'SHASHIKANT.DESHMUKH@SIEMENS.COM', NULL, NULL, 0),
(2312, 'EN', 'ODNEIL.MISQUITTA@SIEMENS.COM', NULL, NULL, 0),
(2313, 'EN', 'MANISHKUMARPATEL@SIEMENS.COM', NULL, NULL, 0),
(2314, 'EN', 'AMIT.SHARMA2@SIEMENS.COM', NULL, NULL, 0),
(2315, 'EN', 'G.SATHISHKUMAR@SIEMENS.COM', NULL, NULL, 0),
(2316, 'EN', 'SADASHIV.VANTAMURE@SIEMENS.COM', NULL, NULL, 0),
(2317, 'EN', 'ARUNSUNDARAVEL.ANNADURAI@SIEMENS.COM', NULL, NULL, 0),
(2318, 'EN', 'RAJENDRAA.DR@SIEMENS.COM', NULL, NULL, 0),
(2319, 'EN', 'RAHUL.GHOGLE@SIEMENS.COM', NULL, NULL, 0),
(2320, 'EN', 'SHAFI.D@SIEMENS.COM', NULL, NULL, 0),
(2321, 'EN', 'ANAND.KAMBLE@SIEMENS.COM', NULL, NULL, 0),
(2322, 'EN', 'NISHANT.YADAV@SIEMENS.COM', NULL, NULL, 0),
(2323, 'EN', 'SAHIL.WALIMBE@SIEMENS.COM', NULL, NULL, 0),
(2324, 'EN', 'KAUSHAL.JOSHI@SIEMENS.COM', NULL, NULL, 0),
(2325, 'EN', 'AVIK.GHOSH@SIEMENS.COM', NULL, NULL, 0),
(2326, 'EN', 'VASANTARAJ.R@SIEMENS.COM', NULL, NULL, 0),
(2327, 'EN', 'PRABHAKARAN.MUDALIAR@SIEMENS.COM', NULL, NULL, 0),
(2328, 'EN', 'HARIPRASAD.JARIPITI@SIEMENS.COM', NULL, NULL, 0),
(2329, 'EN', 'ABHILASH.KHUNTE@SIEMENS.COM', NULL, NULL, 0),
(2330, 'EN', 'PRADNYESH.GANU@SIEMENS.COM', NULL, NULL, 0),
(2331, 'EN', 'ABDUL-REHMAN.KHAN@SIEMENS.COM', NULL, NULL, 0),
(2332, 'EN', 'BHAEOKIRPAL.SINGH@SIEMENS.COM', NULL, NULL, 0),
(2333, 'EN', 'ROHIT.BAGESHRA@SIEMENS.COM', NULL, NULL, 0),
(2334, 'EN', 'YOGESH.THAKARE@SIEMENS.COM', NULL, NULL, 0),
(2335, 'EN', 'RAVIKUMAR.GONDESI@SIEMENS.COM', NULL, NULL, 0),
(2336, 'EN', 'HARSHAL.SHIMPANEKAR@SIEMENS.COM', NULL, NULL, 0),
(2337, 'EN', 'PRASAD.JADHAV@SIEMENS.COM', NULL, NULL, 0),
(2338, 'EN', 'RAJESH.THOTE@SIEMENS.COM', NULL, NULL, 0),
(2339, 'EN', 'MKARTHIK@SIEMENS.COM', NULL, NULL, 0),
(2340, 'EN', 'MITRA.SAYANTAN@SIEMENS.COM', NULL, NULL, 0),
(2341, 'EN', 'SINGH.AMAR@SIEMENS.COM', NULL, NULL, 0),
(2342, 'EN', 'SUMANKUMAR.PRASAD@SIEMENS.COM', NULL, NULL, 0),
(2343, 'EN', 'SURJEETH.PL@SIEMENS.COM', NULL, NULL, 0),
(2344, 'EN', 'SACHIN.SHIRODE@SIEMENS.COM', NULL, NULL, 0),
(2345, 'EN', 'RAJASEKHARREDDY.TV@SIEMENS.COM', NULL, NULL, 0),
(2346, 'EN', 'GANESHKUMAR.S@SIEMENS.COM', NULL, NULL, 0),
(2347, 'EN', 'AKHIL.DESAI@SIEMENS.COM', NULL, NULL, 0),
(2348, 'EN', 'MAHESH.PATTABHI@SIEMENS.COM', NULL, NULL, 0),
(2349, 'EN', 'SUBHENDU.NAYAK@SIEMENS.COM', NULL, NULL, 0),
(2350, 'EN', 'GARG.ANKUR@SIEMENS.COM', NULL, NULL, 0),
(2351, 'EN', 'MAHESH.NAKADE@SIEMENS.COM', NULL, NULL, 0),
(2352, 'EN', 'AADISH.TANKSALE@SIEMENS.COM', NULL, NULL, 0),
(2353, 'EN', 'ANSHUL.SHARMA@SIEMENS.COM', NULL, NULL, 0),
(2354, 'EN', 'RUTUL.SHAH@SIEMENS.COM', NULL, NULL, 0),
(2355, 'EN', 'BHAGYASHREE.ZAWARE@SIEMENS.COM', NULL, NULL, 0),
(2356, 'EN', 'ANKITGUPTA@SIEMENS.COM', NULL, NULL, 0),
(2357, 'EN', 'RAZA.SYED@SIEMENS.COM', NULL, NULL, 0),
(2358, 'EN', 'PRASHANTKUMAR.RAIV@SIEMENS.COM', NULL, NULL, 0),
(2359, 'EN', 'ROSHAN.JACOB@SIEMENS.COM', NULL, NULL, 0),
(2360, 'EN', 'VISHAL.SUTHAR@SIEMENS.COM', NULL, NULL, 0),
(2361, 'EN', 'PRASHANT@SIEMENS.COM', NULL, NULL, 0),
(2362, 'EN', 'ROSHAN.WANKHADE@SIEMENS.COM', NULL, NULL, 0),
(2363, 'EN', 'SAURABH.NEGI@SIEMENS.COM', NULL, NULL, 0),
(2364, 'EN', 'HIRULKAR.KIRAN@SIEMENS.COM', NULL, NULL, 0),
(2365, 'EN', 'PARTHA.CHANDRAKAR@SIEMENS.COM', NULL, NULL, 0),
(2366, 'EN', 'SHEETAL.KAW@SIEMENS.COM', NULL, NULL, 0),
(2367, 'EN', 'SHASHANK.BHAVSAR@SIEMENS.COM', NULL, NULL, 0),
(2368, 'EN', 'ARUN.YADAV@SIEMENS.COM', NULL, NULL, 0),
(2369, 'EN', 'BHAVESH.BANSODE@SIEMENS.COM', NULL, NULL, 0),
(2370, 'EN', 'BHARAT.UGALE@SIEMENS.COM', NULL, NULL, 0),
(2371, 'EN', 'VIKASH.PRASAD@SIEMENS.COM', NULL, NULL, 0),
(2372, 'EN', 'SHARMA.SUNIL@SIEMENS.COM', NULL, NULL, 0),
(2373, 'EN', 'KALPANA.UKKALI@SIEMENS.COM', NULL, NULL, 0),
(2374, 'EN', 'BIKRAMJIT.MALLICK@SIEMENS.COM', NULL, NULL, 0),
(2375, 'EN', 'DEVESH.VALAPPIL@SIEMENS.COM', NULL, NULL, 0),
(2376, 'EN', 'MOHANA.N@SIEMENS.COM', NULL, NULL, 0),
(2377, 'EN', 'ASHIRBAD.DAS@SIEMENS.COM', NULL, NULL, 0),
(2378, 'EN', 'RUCHI.JAIN@SIEMENS.COM', NULL, NULL, 0),
(2379, 'EN', 'NIKHILA.WAKLE@SIEMENS.COM', NULL, NULL, 0),
(2380, 'EN', 'SRIVASTAVA.MAYANK@SIEMENS.COM', NULL, NULL, 0),
(2381, 'EN', 'AASHISH.KUMBHARKAR@SIEMENS.COM', NULL, NULL, 0),
(2382, 'EN', 'RAVIKIRAN.SAWANT@SIEMENS.COM', NULL, NULL, 0),
(2383, 'EN', 'PRADIPKUMAR.PATEL@SIEMENS.COM', NULL, NULL, 0),
(2384, 'EN', 'DHRUVIN.MODI@SIEMENS.COM', NULL, NULL, 0),
(2385, 'EN', 'SINGH.DEEPAK@SIEMENS.COM', NULL, NULL, 0),
(2386, 'EN', 'BHAVVIBHOR.SRIVASTAVA@SIEMENS.COM', NULL, NULL, 0),
(2387, 'EN', 'DHRUVIN.DESAI@SIEMENS.COM', NULL, NULL, 0),
(2388, 'EN', 'RAVINDER.PAL@SIEMENS.COM', NULL, NULL, 0),
(2389, 'EN', 'BHARGAVA.CHANDRASEKAR@SIEMENS.COM', NULL, NULL, 0),
(2390, 'EN', 'SARITA.PAWADE@SIEMENS.COM', NULL, NULL, 0),
(2391, 'EN', 'ASHISH.KUMAR01@SIEMENS.COM', NULL, NULL, 0),
(2392, 'EN', 'SUDIPTA.GARNAYAK@SIEMENS.COM', NULL, NULL, 0),
(2393, 'EN', 'MAHESH.KORDE@SIEMENS.COM', NULL, NULL, 0),
(2394, 'EN', 'SWAPNIL.PARAB@SIEMENS.COM', NULL, NULL, 0),
(2395, 'EN', 'MAMTA.MESTRY@SIEMENS.COM', NULL, NULL, 0),
(2396, 'EN', 'TAPAN.SUBHASHCHANDRA@SIEMENS.COM', NULL, NULL, 0),
(2397, 'EN', 'ROBIN.SINGH@SIEMENS.COM', NULL, NULL, 0),
(2398, 'EN', 'PANKAJ.VHANALE@SIEMENS.COM', NULL, NULL, 0),
(2399, 'EN', 'SRIVASTAVA.SAURABH@SIEMENS.COM', NULL, NULL, 0),
(2400, 'EN', 'PRAVIN.PAWAR@SIEMENS.COM', NULL, NULL, 0),
(2401, 'EN', 'VENKATESHWAR.D@SIEMENS.COM', NULL, NULL, 0),
(2402, 'EN', 'BANDU.KHAVANDE@SIEMENS.COM', NULL, NULL, 0),
(2403, 'EN', 'ATUL.KOKAM@SIEMENS.COM', NULL, NULL, 0),
(2404, 'EN', 'MANISH.SAHU@SIEMENS.COM', NULL, NULL, 0),
(2405, 'EN', 'SAGAR.KURADE@SIEMENS.COM', NULL, NULL, 0),
(2406, 'EN', 'RUTUJ.SAVE@SIEMENS.COM', NULL, NULL, 0),
(2407, 'EN', 'BAGEESH.TIWARI@SIEMENS.COM', NULL, NULL, 0),
(2408, 'EN', 'SAYALI.CHAVAN@SIEMENS.COM', NULL, NULL, 0),
(2409, 'EN', 'VENGATESAN.PANDURANGAN@SIEMENS.COM', NULL, NULL, 0),
(2410, 'EN', 'HARSH.TRIVEDI@SIEMENS.COM', NULL, NULL, 0),
(2411, 'EN', 'DEVANG.OZA@SIEMENS.COM', NULL, NULL, 0),
(2412, 'EN', 'ABHISHEK.KAR@SIEMENS.COM', NULL, NULL, 0),
(2413, 'EN', 'ROHAN.KALSEKAR@SIEMENS.COM', NULL, NULL, 0),
(2414, 'EN', 'GAURAV.TYAGI@SIEMENS.COM', NULL, NULL, 0),
(2415, 'EN', 'INDRANI.BHATTACHARYYA@SIEMENS.COM', NULL, NULL, 0),
(2416, 'EN', 'SAURABH.BAGADDEO@SIEMENS.COM', NULL, NULL, 0),
(2417, 'EN', 'KUMAR.BABBAR@SIEMENS.COM', NULL, NULL, 0),
(2418, 'EN', 'JAYAPRAKASH.CHINNARAJ@SIEMENS.COM', NULL, NULL, 0),
(2419, 'EN', 'SOUBHAGYA.SAHOO@SIEMENS.COM', NULL, NULL, 0),
(2420, 'EN', 'DEEPAK.GADDE@SIEMENS.COM', NULL, NULL, 0),
(2421, 'EN', 'VINODKUMAR.V@SIEMENS.COM', NULL, NULL, 0),
(2422, 'EN', 'JAYAN.J@SIEMENS.COM', NULL, NULL, 0),
(2423, 'EN', 'NIKHILJAIN@SIEMENS.COM', NULL, NULL, 0),
(2424, 'EN', 'SUPAYAN.DEB@SIEMENS.COM', NULL, NULL, 0),
(2425, 'EN', 'SWAPNIL.BHALEKAR@SIEMENS.COM', NULL, NULL, 0),
(2426, 'EN', 'SHINDEVAIBHAV@SIEMENS.COM', NULL, NULL, 0),
(2427, 'EN', 'VIJAYARAGHAVAN.S@SIEMENS.COM', NULL, NULL, 0),
(2428, 'EN', 'VISHALJENSEN.DSOUZA@SIEMENS.COM', NULL, NULL, 0),
(2429, 'EN', 'JUGAL.SHAH@SIEMENS.COM', NULL, NULL, 0),
(2430, 'EN', 'CHAUDHARY.PRADEEP@SIEMENS.COM', NULL, NULL, 0),
(2431, 'EN', 'YADNESH.BIRLA@SIEMENS.COM', NULL, NULL, 0),
(2432, 'EN', 'PARTHASARATHI.TUMMALA@SIEMENS.COM', NULL, NULL, 0),
(2433, 'EN', 'SAGARIKA.YANNUWAR@SIEMENS.COM', NULL, NULL, 0),
(2434, 'EN', 'SOURUTTA.GOVEKAR@SIEMENS.COM', NULL, NULL, 0),
(2435, 'EN', 'GAYATRI.YADAV@SIEMENS.COM', NULL, NULL, 0),
(2436, 'EN', 'HEMANSHU.WAGHARE@SIEMENS.COM', NULL, NULL, 0),
(2437, 'EN', 'RASESHWARI.TINGRE@SIEMENS.COM', NULL, NULL, 0),
(2438, 'EN', 'MAYUR.KHADSE@SIEMENS.COM', NULL, NULL, 0),
(2439, 'EN', 'KUMAR.AMLENDU@SIEMENS.COM', NULL, NULL, 0),
(2440, 'EN', 'VRINDA.SINGHAL@SIEMENS.COM', NULL, NULL, 0),
(2441, 'EN', 'NIPANIKAR.PALLAVI@SIEMENS.COM', NULL, NULL, 0),
(2442, 'EN', 'GEETANJALI.BARLEY@SIEMENS.COM', NULL, NULL, 0),
(2443, 'EN', 'PRACHI.SURANGALIKAR@SIEMENS.COM', NULL, NULL, 0),
(2444, 'EN', 'VENKATESAN.SELVARAJ@SIEMENS.COM', NULL, NULL, 0),
(2445, 'EN', 'RAJAT.AGRAWAL@SIEMENS.COM', NULL, NULL, 0),
(2446, 'EN', 'SOUVIK.DAS@SIEMENS.COM', NULL, NULL, 0),
(2447, 'EN', 'SARANG.GIRME@SIEMENS.COM', NULL, NULL, 0),
(2448, 'EN', 'UMESH.PAL@SIEMENS.COM', NULL, NULL, 0),
(2449, 'EN', 'PRATIK.MAGAR@SIEMENS.COM', NULL, NULL, 0),
(2450, 'EN', 'SHEETAL.KALA@SIEMENS.COM', NULL, NULL, 0),
(2451, 'EN', 'JAY.BHANUSHALI@SIEMENS.COM', NULL, NULL, 0),
(2452, 'EN', 'ANURAG.KUMAR01@SIEMENS.COM', NULL, NULL, 0),
(2453, 'EN', 'SHARMA.NIKHIL@SIEMENS.COM', NULL, NULL, 0),
(2454, 'EN', 'PAWAR.PRAVIN@SIEMENS.COM', NULL, NULL, 0),
(2455, 'EN', 'CHETAN.KAMBLE@SIEMENS.COM', NULL, NULL, 0),
(2456, 'EN', 'MARIMUTHU.P@SIEMENS.COM', NULL, NULL, 0),
(2457, 'EN', 'PRASANTKUMAR.MUDULI@SIEMENS.COM', NULL, NULL, 0),
(2458, 'EN', 'RANJITH.RUDRA@SIEMENS.COM', NULL, NULL, 0),
(2459, 'EN', 'SACHIN.KUMAR@SIEMENS.COM', NULL, NULL, 0),
(2460, 'EN', 'UJWAL.RAMDURG@SIEMENS.COM', NULL, NULL, 0),
(2461, 'EN', 'SAGAR.KHATAVKAR@SIEMENS.COM', NULL, NULL, 0),
(2462, 'EN', 'MRITYUNJAY.MISHRA@SIEMENS.COM', NULL, NULL, 0),
(2463, 'EN', 'KIRAN.NARAKE@SIEMENS.COM', NULL, NULL, 0),
(2464, 'EN', 'PRAKASH.SOMANNAVAR@SIEMENS.COM', NULL, NULL, 0),
(2465, 'EN', 'SACHIN.PATIL02@SIEMENS.COM', NULL, NULL, 0),
(2466, 'EN', 'RAJKUMAR.SHARMA@SIEMENS.COM', NULL, NULL, 0),
(2467, 'EN', 'MAULIKKUMAR.PATEL@SIEMENS.COM', NULL, NULL, 0),
(2468, 'EN', 'KALYANI.WANI@SIEMENS.COM', NULL, NULL, 0),
(2469, 'EN', 'RAHUL.KORE@SIEMENS.COM', NULL, NULL, 0),
(2470, 'EN', 'ALANKAR.MANJREKAR@SIEMENS.COM', NULL, NULL, 0),
(2471, 'EN', 'TUHIN.SARKAR@SIEMENS.COM', NULL, NULL, 0),
(2472, 'EN', 'NIKHIL.WARADE@SIEMENS.COM', NULL, NULL, 0),
(2473, 'EN', 'SHRIJIT.RAJU@SIEMENS.COM', NULL, NULL, 0),
(2474, 'EN', 'ABHINAV.AKKAPELLY@SIEMENS.COM', NULL, NULL, 0),
(2475, 'EN', 'SANDIPTA.MAITY@SIEMENS.COM', NULL, NULL, 0),
(2476, 'EN', 'AKASH.KUMAR.KHERIA@SIEMENS.COM', NULL, NULL, 0),
(2477, 'EN', 'SAMEER.SASHITTAL@SIEMENS.COM', NULL, NULL, 0),
(2478, 'EN', 'RAJNISH.VISHWAKARMA@SIEMENS.COM', NULL, NULL, 0),
(2479, 'EN', 'SHARIK.ANSARI@SIEMENS.COM', NULL, NULL, 0),
(2480, 'EN', 'MUKESH.SONI@SIEMENS.COM', NULL, NULL, 0),
(2481, 'EN', 'ABHIMANYU.KUMAR01@SIEMENS.COM', NULL, NULL, 0),
(2482, 'EN', 'RAUT.ADITYA@SIEMENS.COM', NULL, NULL, 0),
(2483, 'EN', 'KAUSTUBH.BHAVE@SIEMENS.COM', NULL, NULL, 0),
(2484, 'EN', 'AVIJIT.DUTTA@SIEMENS.COM', NULL, NULL, 0),
(2485, 'EN', 'SUDHINDRA.HARIHAR@SIEMENS.COM', NULL, NULL, 0),
(2486, 'EN', 'SHAVEZ.KHAN@SIEMENS.COM', NULL, NULL, 0),
(2487, 'EN', 'DIKSHA.JAIN@SIEMENS.COM', NULL, NULL, 0),
(2488, 'EN', 'HARPREET.SINGH01@SIEMENS.COM', NULL, NULL, 0),
(2489, 'EN', 'VIKRAM.RAWAT@SIEMENS.COM', NULL, NULL, 0),
(2490, 'EN', 'AKASH.JAMWAL@SIEMENS.COM', NULL, NULL, 0),
(2491, 'EN', 'CHINTAN.GHELANI@SIEMENS.COM', NULL, NULL, 0),
(2492, 'EN', 'VINAYAK.KULKARNI@SIEMENS.COM', NULL, NULL, 0),
(2493, 'EN', 'MUKESH.KHARAT@SIEMENS.COM', NULL, NULL, 0),
(2494, 'EN', 'AZMAL.BHASHA@SIEMENS.COM', NULL, NULL, 0),
(2495, 'EN', 'PRATEEK.CHAUHAN@SIEMENS.COM', NULL, NULL, 0),
(2496, 'EN', 'KARUNA.SINGH@SIEMENS.COM', NULL, NULL, 0),
(2497, 'EN', 'SRINATH.SANTHANAM@SIEMENS.COM', NULL, NULL, 0),
(2498, 'EN', 'PURVESH.AJANE@SIEMENS.COM', NULL, NULL, 0),
(2499, 'EN', 'SONAM.BHARDWAJ@SIEMENS.COM', NULL, NULL, 0),
(2500, 'EN', 'KRUTARTH.BHATT@SIEMENS.COM', NULL, NULL, 0),
(2501, 'EN', 'ROSHAN.PANDE@SIEMENS.COM', NULL, NULL, 0),
(2502, 'EN', 'RAHUL.GANGRADE@SIEMENS.COM', NULL, NULL, 0),
(2503, 'EN', 'KETAN.BHOSALE@SIEMENS.COM', NULL, NULL, 0),
(2504, 'EN', 'SHYAM.J@SIEMENS.COM', NULL, NULL, 0),
(2505, 'EN', 'SIVADURGAPRASAD.MONDETI@SIEMENS.COM', NULL, NULL, 0),
(2506, 'EN', 'DESHMUKH.MAYUR@SIEMENS.COM', NULL, NULL, 0),
(2507, 'EN', 'CHANDRASHEKAR.R@SIEMENS.COM', NULL, NULL, 0),
(2508, 'EN', 'HITESH.PAREEK@SIEMENS.COM', NULL, NULL, 0),
(2509, 'EN', 'SIDDHARTH.VASISHT@SIEMENS.COM', NULL, NULL, 0),
(2510, 'EN', 'RUPESH.GHARAT@SIEMENS.COM', NULL, NULL, 0),
(2511, 'EN', 'UMESH.INDANI@SIEMENS.COM', NULL, NULL, 0),
(2512, 'EN', 'AJAYSHARMA1@SIEMENS.COM', NULL, NULL, 0),
(2513, 'EN', 'KISHOR.HASSIJA@SIEMENS.COM', NULL, NULL, 0),
(2514, 'EN', 'AAGAM.SHAH@SIEMENS.COM', NULL, NULL, 0),
(2515, 'EN', 'ALOK.DESHMUKH@SIEMENS.COM', NULL, NULL, 0),
(2516, 'EN', 'ABHIJIT.MONDAL@SIEMENS.COM', NULL, NULL, 0),
(2517, 'EN', 'SHETTY.CHETANA@SIEMENS.COM', NULL, NULL, 0),
(2518, 'EN', 'VIVEK.BHAVSAR1@SIEMENS.COM', NULL, NULL, 0),
(2519, 'EN', 'SAHIL.BHATIA@SIEMENS.COM', NULL, NULL, 0),
(2520, 'EN', 'SRIKANTHREDDY.M@SIEMENS.COM', NULL, NULL, 0),
(2521, 'EN', 'ABHISHEK.TRIVEDI@SIEMENS.COM', NULL, NULL, 0),
(2522, 'EN', 'APOORV.SAXENA@SIEMENS.COM', NULL, NULL, 0),
(2523, 'EN', 'VIKRANT.MALVANKAR@SIEMENS.COM', NULL, NULL, 0),
(2524, 'EN', 'AYOOB.MP@SIEMENS.COM', NULL, NULL, 0),
(2525, 'EN', 'DEVIPRASAD.V@SIEMENS.COM', NULL, NULL, 0),
(2526, 'EN', 'SUJAY.PEDNEKAR@SIEMENS.COM', NULL, NULL, 0),
(2527, 'EN', 'ABHIJEET.MURGUNDE@SIEMENS.COM', NULL, NULL, 0),
(2528, 'EN', 'FAROOQ.VIQUAR@SIEMENS.COM', NULL, NULL, 0),
(2529, 'EN', 'AJAY.JOSHI@SIEMENS.COM', NULL, NULL, 0),
(2530, 'EN', 'NITIN.DHANDE@SIEMENS.COM', NULL, NULL, 0),
(2531, 'EN', 'NACHIKETA.CHATTERJEE@SIEMENS.COM', NULL, NULL, 0),
(2532, 'EN', 'VIJAY.GANTA@SIEMENS.COM', NULL, NULL, 0),
(2533, 'EN', 'GAURAV.GOGIA@SIEMENS.COM', NULL, NULL, 0),
(2534, 'EN', 'VIKAS.GAUR@SIEMENS.COM', NULL, NULL, 0),
(2535, 'EN', 'ANAND.MAZUMDAR@SIEMENS.COM', NULL, NULL, 0),
(2536, 'EN', 'PRASANTA.PAHARI@SIEMENS.COM', NULL, NULL, 0),
(2537, 'EN', 'DHIRESH.SAHARIA@SIEMENS.COM', NULL, NULL, 0),
(2538, 'EN', 'BHASKAR.MANDAL@SIEMENS.COM', NULL, NULL, 0),
(2539, 'EN', 'UPHAR.SRIVASTAVA@SIEMENS.COM', NULL, NULL, 0),
(2540, 'EN', 'KULDEEP.YADAV@SIEMENS.COM', NULL, NULL, 0),
(2541, 'EN', 'RAJAN.GOYAL@SIEMENS.COM', NULL, NULL, 0),
(2542, 'EN', 'VINAY.BATRA@SIEMENS.COM', NULL, NULL, 0),
(2543, 'EN', 'GAUTAM.RAWAL@SIEMENS.COM', NULL, NULL, 0),
(2544, 'EN', 'VIVEK.CHADHA@SIEMENS.COM', NULL, NULL, 0),
(2545, 'EN', 'TARUN.BHATIA@SIEMENS.COM', NULL, NULL, 0),
(2546, 'EN', 'RAJNEESH.MAHALAYA@SIEMENS.COM', NULL, NULL, 0),
(2547, 'EN', 'VIJAYPRATAP.SINGH@SIEMENS.COM', NULL, NULL, 0),
(2548, 'EN', 'PIYUSH.BHARADWAJ@SIEMENS.COM', NULL, NULL, 0),
(2549, 'EN', 'ANKIT.TALWAR@SIEMENS.COM', NULL, NULL, 0),
(2550, 'EN', 'AMIT.BHADAURIA@SIEMENS.COM', NULL, NULL, 0),
(2551, 'EN', 'SANAM.JETLAY@SIEMENS.COM', NULL, NULL, 0),
(2552, 'EN', 'SUMEET.VIKRAMADITYA@SIEMENS.COM', NULL, NULL, 0),
(2553, 'EN', 'ABHISHEK.PANDEY@SIEMENS.COM', NULL, NULL, 0),
(2554, 'EN', 'MEKALA.CHANDRASEKHAR@SIEMENS.COM', NULL, NULL, 0),
(2555, 'EN', 'S.DIVAKAR@SIEMENS.COM', NULL, NULL, 0),
(2556, 'EN', 'VARDHANI.KRISHNAN@SIEMENS.COM', NULL, NULL, 0),
(2557, 'EN', 'SAIPRASAD.SHENOY@SIEMENS.COM', NULL, NULL, 0),
(2558, 'EN', 'BABU.VENKATESH@SIEMENS.COM', NULL, NULL, 0),
(2559, 'EN', 'KRISHNAMURTHY@SIEMENS.COM', NULL, NULL, 0),
(2560, 'EN', 'M.SHANKAR@SIEMENS.COM', NULL, NULL, 0),
(2561, 'EN', 'B.JAGANNATHAN@SIEMENS.COM', NULL, NULL, 0),
(2562, 'EN', 'PRAKASH.HEGDE@SIEMENS.COM', NULL, NULL, 0),
(2563, 'EN', 'C.NARAYANAN@SIEMENS.COM', NULL, NULL, 0),
(2564, 'EN', 'MS.MURUGARAJ@SIEMENS.COM', NULL, NULL, 0),
(2565, 'EN', 'EMERENCIA.MARY@SIEMENS.COM', NULL, NULL, 0),
(2566, 'EN', 'PRAMOD.KRISHNA@SIEMENS.COM', NULL, NULL, 0),
(2567, 'EN', 'MARK.AZMATH@SIEMENS.COM', NULL, NULL, 0),
(2568, 'EN', 'PRAVEEN.PAI@SIEMENS.COM', NULL, NULL, 0),
(2569, 'EN', 'VISWANATH.KRUTHIVENTI@SIEMENS.COM', NULL, NULL, 0),
(2570, 'EN', 'PV.RAVIKIRAN@SIEMENS.COM', NULL, NULL, 0),
(2571, 'EN', 'K.KIRAN@SIEMENS.COM', NULL, NULL, 0),
(2572, 'EN', 'VUNDAVALLY.MADANMOHAN@SIEMENS.COM', NULL, NULL, 0),
(2573, 'EN', 'GORIPARTHI.DURGAPRASAD@SIEMENS.COM', NULL, NULL, 0),
(2574, 'EN', 'PRAKASH.RAJU@SIEMENS.COM', NULL, NULL, 0),
(2575, 'EN', 'KRISHNAPRASAD.ANANTHA@SIEMENS.COM', NULL, NULL, 0),
(2576, 'EN', 'KR.PURUSHOTTAM@SIEMENS.COM', NULL, NULL, 0),
(2577, 'EN', 'M.IMRAN@SIEMENS.COM', NULL, NULL, 0),
(2578, 'EN', 'SRIKANTH.GOPALAN@SIEMENS.COM', NULL, NULL, 0),
(2579, 'EN', 'PARVEEN.KAUSHAL@SIEMENS.COM', NULL, NULL, 0),
(2580, 'EN', 'G.HAMSA@SIEMENS.COM', NULL, NULL, 0),
(2581, 'EN', 'VINESH.GARG@SIEMENS.COM', NULL, NULL, 0),
(2582, 'EN', 'TM.BASAVARAJ@SIEMENS.COM', NULL, NULL, 0),
(2583, 'EN', 'CHITRA.KARTHIKEYAN@SIEMENS.COM', NULL, NULL, 0),
(2584, 'EN', 'PRAKASH.RAMANATHAN@SIEMENS.COM', NULL, NULL, 0),
(2585, 'EN', 'NARAYANAN.SHANKAR@SIEMENS.COM', NULL, NULL, 0),
(2586, 'EN', 'DATTATRAYA.KAMAT@SIEMENS.COM', NULL, NULL, 0),
(2587, 'EN', 'MADAN.REPAL@SIEMENS.COM', NULL, NULL, 0),
(2588, 'EN', 'DEEPAK.KUDTARKAR@SIEMENS.COM', NULL, NULL, 0),
(2589, 'EN', 'ALEX.NAZARETH@SIEMENS.COM', NULL, NULL, 0),
(2590, 'EN', 'MURLIDHAR.PHATAK@SIEMENS.COM', NULL, NULL, 0),
(2591, 'EN', 'KM.SUNDARAM@SIEMENS.COM', NULL, NULL, 0),
(2592, 'EN', 'PRASHANT.SHAH@SIEMENS.COM', NULL, NULL, 0),
(2593, 'EN', 'GIRISH.RAO@SIEMENS.COM', NULL, NULL, 0),
(2594, 'EN', 'RAMESH.PATIL@SIEMENS.COM', NULL, NULL, 0),
(2595, 'EN', 'ATUL.RODGE@SIEMENS.COM', NULL, NULL, 0),
(2596, 'EN', 'YOGESH.CHAUDHARY@SIEMENS.COM', NULL, NULL, 0),
(2597, 'EN', 'DIWAKAR.SHETTY@SIEMENS.COM', NULL, NULL, 0),
(2598, 'EN', 'SUDHIR.SHINDE@SIEMENS.COM', NULL, NULL, 0),
(2599, 'EN', 'SAWANT.SANDESH@SIEMENS.COM', NULL, NULL, 0),
(2600, 'EN', 'GOUTAM.MITRA@SIEMENS.COM', NULL, NULL, 0),
(2601, 'EN', 'ARIJIT.BISWAS@SIEMENS.COM', NULL, NULL, 0),
(2602, 'EN', 'ABHAY.BHANUSHALI@SIEMENS.COM', NULL, NULL, 0),
(2603, 'EN', 'KEZIA.JOSEPH@SIEMENS.COM', NULL, NULL, 0),
(2604, 'EN', 'PRAKASH.YARDI@SIEMENS.COM', NULL, NULL, 0),
(2605, 'EN', 'ARCHANA.HOTA@SIEMENS.COM', NULL, NULL, 0),
(2606, 'EN', 'ARUSHI.BHARGAVA@SIEMENS.COM', NULL, NULL, 0),
(2607, 'EN', 'SAMEER.ASHTEKAR@SIEMENS.COM', NULL, NULL, 0),
(2608, 'EN', 'SARKAR.AMITAVA@SIEMENS.COM', NULL, NULL, 0),
(2609, 'EN', 'BALASUBRAMANIAN.VISWANATHAN@SIEMENS.COM', NULL, NULL, 0),
(2610, 'EN', 'nair.rajesh@siemens.com', NULL, NULL, 0),
(2611, 'EN', 'tanvi.hegde@siemens.com', NULL, NULL, 0),
(2612, 'EN', 'ramanathan.parasuraman@siemens.com', NULL, NULL, 0),
(2613, 'EN', 'yuvraj.nagarkar@siemens.com', '2021-05-12 17:10:54', '2021-05-12 17:11:55', 1),
(2614, 'EN', 'suprakash.chaudhuri@siemens.com', NULL, NULL, 0),
(2615, 'EN', 'amit.tikoo@siemens.com', '2021-04-21 19:16:33', '2021-04-21 19:22:34', 1),
(2616, 'EN', 'gautam.dutta@siemens.com', NULL, NULL, 0),
(2617, 'EN', 'sridhar.lal@siemens.com', NULL, NULL, 0),
(2618, 'EN', 'sridhar.subramaniam@siemens.com', NULL, NULL, 0),
(2619, 'EN', 'vinod.sharma@siemens.com', NULL, NULL, 0),
(2620, 'EN', 'kailashnath.munipella@siemens.com', NULL, NULL, 0),
(2621, 'EN', 'samik.nandi@siemens.com', NULL, NULL, 0),
(2622, 'EN', 'ashwin.nair@siemens.com', NULL, NULL, 0),
(2623, 'EN', 'mani.prithiviraj@siemens.com', NULL, NULL, 0),
(2624, 'EN', 'janice.gonsalves@siemens.com', NULL, NULL, 0),
(2625, 'EN', 'manoj.banthia@siemens.com', NULL, NULL, 0),
(2626, 'EN', 'roshan.dutt@siemens.com', NULL, NULL, 0);
INSERT INTO `tbl_users` (`id`, `emp_name`, `emp_code`, `login_date`, `logout_date`, `logout_status`) VALUES
(2627, 'EN', 'debraj.dhar@siemens.com', NULL, NULL, 0),
(2628, 'EN', 'sampat.naik@siemens.com', NULL, NULL, 0),
(2629, 'EN', 'prerna.kaushal@siemens.com', NULL, NULL, 0),
(2630, 'EN', 'tejas.dere@siemens.com', NULL, NULL, 0),
(2631, 'EN', 'kulkarni.koustubh@siemens.com', NULL, NULL, 0),
(2632, 'EN', 'muthusonai.prabakaran@siemens.com', NULL, NULL, 0),
(2633, 'EN', 'aman.sehra@siemens.com', NULL, NULL, 0),
(2634, 'EN', 'm.thirumalaikumar@siemens.com', NULL, NULL, 0),
(2635, 'EN', 'abir.shee@siemens.com', NULL, NULL, 0),
(2636, 'EN', 'priti.sanjeev@siemens.com', NULL, NULL, 0),
(2637, 'EN', 'bhatia.rohit@siemens.com', NULL, NULL, 0),
(2638, 'EN', 'darshan.unni@siemens.com', NULL, NULL, 0),
(2639, 'EN', 'singhsaurabh@siemens.com', NULL, NULL, 0),
(2640, 'EN', 's.amit@siemens.com', NULL, NULL, 0),
(2641, 'EN', 'risheen.majumdar@siemens.com', NULL, NULL, 0),
(2642, 'EN', 'vijaya.sudalaimuthu@siemens.com', NULL, NULL, 0),
(2643, 'EN', 'abilash.kanna@siemens.com', NULL, NULL, 0),
(2644, 'EN', 'dixit.pasricha@siemens.com', NULL, NULL, 0),
(2645, 'EN', 'ananda.bhunia@siemens.com', NULL, NULL, 0),
(2646, 'EN', 'siddhant.sharma@siemens.com', NULL, NULL, 0),
(2647, 'EN', 'vikassharma@siemens.com', NULL, NULL, 0),
(2648, 'EN', 'shrenik.jadhav@siemens.com', NULL, NULL, 0),
(2649, 'EN', 'vijay.jeyaraj@siemens.com', NULL, NULL, 0),
(2650, 'EN', 'varshney.arun@siemens.com', NULL, NULL, 0),
(2651, 'EN', 'abhishek.sane@siemens.com', NULL, NULL, 0),
(2652, 'EN', 'prakash.tolani.ext@siemens.com', NULL, NULL, 0),
(2653, 'EN', 'mathew.thomas@siemens.com', NULL, NULL, 0),
(2654, 'EN', 'akhil.kabu@siemens.com', NULL, NULL, 0),
(2655, 'EN', 'ajitabh.sarin@siemens.com', NULL, NULL, 0),
(2656, 'EN', 'vishal.malik@siemens.com', NULL, NULL, 0),
(2657, 'EN', 'vikas_sharma@siemens.com', NULL, NULL, 0),
(2658, 'EN', 'viswanaathan.sankaranarayanan@siemens.com', NULL, NULL, 0),
(2659, 'EN', 'aakar.chaturvedi@siemens.com', NULL, NULL, 0),
(2660, 'EN', 'amarjeet.singh@siemens.com', NULL, NULL, 0),
(2661, 'EN', 'mobin.joseph@siemens.com', NULL, NULL, 0),
(2662, 'EN', 'abhijit.anand@siemens.com', NULL, NULL, 0),
(2663, 'EN', 'mahendran.gurusamy@siemens.com', NULL, NULL, 0),
(2664, 'EN', 'deepak.hejmadi@siemens.com', NULL, NULL, 0),
(2665, 'EN', 'sanjeev.talwar@siemens.com', NULL, NULL, 0),
(2666, 'EN', 'nitesh.pujari@siemens.com', NULL, NULL, 0),
(2667, 'EN', 'nishanth.kuzhil@siemens.com', NULL, NULL, 0),
(2668, 'EN', 'brijesh.patel@siemens.com', NULL, NULL, 0),
(2669, 'EN', 'kopal.gupta@siemens.com', NULL, NULL, 0),
(2670, 'EN', 'jagannathan.tc@siemens.com', NULL, NULL, 0),
(2671, 'EN', 'sarbadaman.panda@siemens.com', NULL, NULL, 0),
(2672, 'EN', 'vinay.adhyapak@siemens.com', NULL, NULL, 0),
(2673, 'EN', 'srivastava@siemens.com', NULL, NULL, 0),
(2674, 'EN', 'banerjee.anirban@siemens.com', NULL, NULL, 0),
(2675, 'EN', 'palash.chatterjee@siemens.com', NULL, NULL, 0),
(2676, 'EN', 'anil.solanki@siemens.com', NULL, NULL, 0),
(2677, 'EN', 'akhilesh.sahi@siemens.com', NULL, NULL, 0),
(2678, 'EN', 'yogee.shrivastava@siemens.com', NULL, NULL, 0),
(2679, 'EN', 'gopala.naidu@siemens.com ', NULL, NULL, 0),
(2680, 'EN', 'navin.ranjan@siemens.com', NULL, NULL, 0),
(2681, 'EN', 'arjun.kapoor@siemens.com', NULL, NULL, 0),
(2682, 'EN', 'girish.bellur@siemens.com', NULL, NULL, 0),
(2683, 'EN', 'karthik.kannan@siemens.com', NULL, NULL, 0),
(2684, 'EN', 'vinod.das@siemens.com', NULL, NULL, 0),
(2685, 'EN', 'raj.narayanan@siemens.com', NULL, NULL, 0),
(2686, 'EN', 'muralidhar.joshi@siemens.com ', NULL, NULL, 0),
(2687, 'EN', 'haresh.r@siemens.com', NULL, NULL, 0),
(2688, 'EN', 'raghav.srusti@siemens.com', NULL, NULL, 0),
(2689, 'EN', 'mangesh.deshpande@siemens.com', NULL, NULL, 0),
(2690, 'EN', 'vishal.chopra@siemens.com', NULL, NULL, 0),
(2691, 'EN', 'harshad.inamdar@siemens.com', NULL, NULL, 0),
(2692, 'EN', 'syed.saleem@siemens.com', NULL, NULL, 0),
(2693, 'EN', 'karthik.td@siemens.com', NULL, NULL, 0),
(2694, 'EN', 'rahul.pahuja@siemens.com', NULL, NULL, 0),
(2695, 'EN', 'sampath.ananth_kumar@siemens.com', NULL, NULL, 0),
(2696, 'EN', 'bharet.ahuja@siemens.com', NULL, NULL, 0),
(2697, 'EN', 'nilakantan.parameswaran@siemens.com', NULL, NULL, 0),
(2698, 'EN', 'gaurav.shankar@siemens.com', NULL, NULL, 0),
(2699, 'EN', 'pranav.gupta@siemens.com', NULL, NULL, 0),
(2700, 'EN', 'arora.mayank@siemens.com', NULL, NULL, 0),
(2701, 'EN', 'murali.lakshminarasimhan@siemens.com', NULL, NULL, 0),
(2702, 'EN', 'avik.gupta@siemens.com', NULL, NULL, 0),
(2703, 'EN', 'ramamurthi.aiyappan@siemens.com', NULL, NULL, 0),
(2704, 'EN', 'geetanand.kedilaya@siemens.com', NULL, NULL, 0),
(2705, 'EN', 's.kumaraswamy@siemens.com', NULL, NULL, 0),
(2706, 'EN', 'annie.joy@siemens.com', NULL, NULL, 0),
(2707, 'EN', 'prasanna.kulkarni@siemens.com', NULL, NULL, 0),
(2708, 'EN', 'avalon.dmello@siemens.com', NULL, NULL, 0),
(2709, 'EN', 'anand.phadnis@siemens.com', NULL, NULL, 0),
(2710, 'EN', 'nitin.malvadkar@siemens.com', NULL, NULL, 0),
(2711, 'EN', 'swathi.hiremath@siemens.com', NULL, NULL, 0),
(2712, 'EN', 'prashant.gandhi@siemens.com', NULL, NULL, 0),
(2713, 'EN', 'murugadass.kannan@siemens.com', NULL, NULL, 0),
(2714, 'EN', 'c.surendra@siemens.com', NULL, NULL, 0),
(2715, 'EN', 'khushpreet.singh@siemens.com', NULL, NULL, 0),
(2716, 'EN', 'vitthal.londhe@siemens.com', NULL, NULL, 0),
(2717, 'EN', 'rajendra.dongale@siemens.com', NULL, NULL, 0),
(2718, 'EN', 'kiran.voonna@siemens.com', NULL, NULL, 0),
(2719, 'EN', 'tushit.desai@siemens.com', NULL, NULL, 0),
(2720, 'EN', 'srikar.sai@siemens.com', NULL, NULL, 0),
(2721, 'EN', 'amol.bramhapurkar@siemens.com', NULL, NULL, 0),
(2722, 'EN', 'girish.gaikwad@siemens.com', NULL, NULL, 0),
(2723, 'EN', 'dayanandkumar.yadabettu@siemens.com', NULL, NULL, 0),
(2724, 'EN', 'aravindan.sivasankar@siemens.com', NULL, NULL, 0),
(2725, 'EN', 'aditya.luktuke@siemens.com', NULL, NULL, 0),
(2726, 'EN', 'rajinder.dhillon@siemens.com', NULL, NULL, 0),
(2727, 'EN', 'manoj.tiwari@siemens.com', '2021-04-27 17:12:18', '2021-04-28 00:11:22', 1),
(2728, 'EN', 'kumar.nishant@siemens.com', NULL, NULL, 0),
(2729, 'EN', 'sivaprakasam.soundaravelu@siemens.com', NULL, NULL, 0),
(2730, 'EN', 'aman.garg@siemens.com', NULL, NULL, 0),
(2731, 'EN', 'sushil.jain@siemens.com', NULL, NULL, 0),
(2732, 'EN', 'naveen.amesar@siemens.com', NULL, NULL, 0),
(2733, 'EN', 'piyush.garg@siemens.com', NULL, NULL, 0),
(2734, 'EN', 'kumar.santosh@siemens.com', NULL, NULL, 0),
(2735, 'EN', 'rohit.chandran_k@siemens.com', '2021-05-14 10:20:43', '2021-05-14 16:35:40', 1),
(2736, 'EN', 'sujit.chaudhari@siemens.com', NULL, NULL, 0),
(2737, 'EN', 'ajit.haridas@siemens.com', NULL, NULL, 0),
(2738, 'EN', 'himanshu.arora@siemens.com', NULL, NULL, 0),
(2739, 'EN', 'soundararajan.gurunathan@siemens.com', NULL, NULL, 0),
(2740, '', '', NULL, NULL, 0);
COMMIT;

/*!40101 SET CHARACTER_SET_CLIENT=@OLD_CHARACTER_SET_CLIENT */;
/*!40101 SET CHARACTER_SET_RESULTS=@OLD_CHARACTER_SET_RESULTS */;
/*!40101 SET COLLATION_CONNECTION=@OLD_COLLATION_CONNECTION */;
